-- --------------------------------------------------------
-- Host:                         127.0.0.1
-- Server version:               8.0.33-0ubuntu0.20.04.2 - (Ubuntu)
-- Server OS:                    Linux
-- HeidiSQL Version:             12.1.0.6537
-- --------------------------------------------------------

/*!40101 SET @OLD_CHARACTER_SET_CLIENT=@@CHARACTER_SET_CLIENT */;
/*!40101 SET NAMES utf8 */;
/*!50503 SET NAMES utf8mb4 */;
/*!40103 SET @OLD_TIME_ZONE=@@TIME_ZONE */;
/*!40103 SET TIME_ZONE='+00:00' */;
/*!40014 SET @OLD_FOREIGN_KEY_CHECKS=@@FOREIGN_KEY_CHECKS, FOREIGN_KEY_CHECKS=0 */;
/*!40101 SET @OLD_SQL_MODE=@@SQL_MODE, SQL_MODE='NO_AUTO_VALUE_ON_ZERO' */;
/*!40111 SET @OLD_SQL_NOTES=@@SQL_NOTES, SQL_NOTES=0 */;

-- Dumping data for table nine_housing.analytics_pages: ~0 rows (approximately)
INSERT INTO `analytics_pages` (`id`, `visitor_id`, `ip`, `title`, `name`, `query`, `load_time`, `date`, `time`, `created_at`, `updated_at`) VALUES
	(1, 1, '127.0.0.1', 'Dashboard &raquo; Sign in to CONTROL', 'unknown', 'http://127.0.0.1:8000/admin/login', '0.10181999', '2023-07-10', '06:07:21', '2023-07-09 23:07:21', '2023-07-09 23:07:21'),
	(2, 1, '127.0.0.1', 'Dashboard &raquo; Site Title', 'unknown', 'http://127.0.0.1:8000/admin/dashboard', '0.12763596', '2023-07-10', '06:07:44', '2023-07-09 23:07:44', '2023-07-09 23:07:44'),
	(3, 1, '127.0.0.1', 'Dashboard &raquo; Site Title', 'unknown', 'http://127.0.0.1:8000//assets/dashboard/js/flot/jquery.flot.js/admin/dashboard', '0.08003092', '2023-07-10', '06:07:44', '2023-07-09 23:07:44', '2023-07-09 23:07:44'),
	(4, 1, '127.0.0.1', 'Dashboard &raquo; Site Title', 'unknown', 'http://127.0.0.1:8000//assets/dashboard/js/flot/jquery.flot.resize.js/admin/dashboard', '0.10613799', '2023-07-10', '06:07:44', '2023-07-09 23:07:44', '2023-07-09 23:07:44'),
	(5, 1, '127.0.0.1', 'Dashboard &raquo; Site Title', 'unknown', 'http://127.0.0.1:8000//assets/dashboard/js/flot/jquery.flot.pie.js/admin/dashboard', '0.08722615', '2023-07-10', '06:07:44', '2023-07-09 23:07:44', '2023-07-09 23:07:44'),
	(6, 1, '127.0.0.1', 'Dashboard &raquo; Site Title', 'unknown', 'http://127.0.0.1:8000//assets/dashboard/js/flot.tooltip/js/jquery.flot.tooltip.min.js/admin/dashboard', '0.10324001', '2023-07-10', '06:07:45', '2023-07-09 23:07:45', '2023-07-09 23:07:45'),
	(7, 1, '127.0.0.1', 'Dashboard &raquo; Site Title', 'unknown', 'http://127.0.0.1:8000//assets/dashboard/js/flot-spline/js/jquery.flot.spline.min.js/admin/dashboard', '0.10846186', '2023-07-10', '06:07:45', '2023-07-09 23:07:45', '2023-07-09 23:07:45'),
	(8, 1, '127.0.0.1', 'Dashboard &raquo; Site Title', 'unknown', 'http://127.0.0.1:8000//assets/dashboard/js/flot.orderbars/js/jquery.flot.orderBars.js/admin/dashboard', '0.07688808', '2023-07-10', '06:07:45', '2023-07-09 23:07:45', '2023-07-09 23:07:45'),
	(9, 1, '127.0.0.1', 'Dashboard &raquo; Analytics', 'unknown', 'http://127.0.0.1:8000/admin/dashboard/analytics/country', '0.09316278', '2023-07-10', '06:07:54', '2023-07-09 23:07:54', '2023-07-09 23:07:54'),
	(10, 1, '127.0.0.1', 'Dashboard &raquo; Partners', 'unknown', 'http://127.0.0.1:8000/admin/dashboard/4/topics', '0.10970306', '2023-07-10', '06:08:00', '2023-07-09 23:08:00', '2023-07-09 23:08:00'),
	(11, 1, '127.0.0.1', 'Dashboard &raquo; Users &amp; Permissions', 'unknown', 'http://127.0.0.1:8000/admin/dashboard/users', '0.11918688', '2023-07-10', '06:08:03', '2023-07-09 23:08:03', '2023-07-09 23:08:03'),
	(12, 1, '127.0.0.1', 'Dashboard &raquo; Users &amp; Permissions', 'unknown', 'http://127.0.0.1:8000/admin/dashboard/users/create', '0.11856723', '2023-07-10', '06:08:06', '2023-07-09 23:08:06', '2023-07-09 23:08:06'),
	(13, 1, '127.0.0.1', 'Dashboard &raquo; Categories of  Activity', 'unknown', 'http://127.0.0.1:8000/admin/dashboard/3/categories', '0.10945296', '2023-07-10', '06:09:27', '2023-07-09 23:09:27', '2023-07-09 23:09:27'),
	(14, 1, '127.0.0.1', 'Dashboard &raquo; Categories of  Apartment', 'unknown', 'http://127.0.0.1:8000/admin/dashboard/5/categories', '0.12082005', '2023-07-10', '06:10:33', '2023-07-09 23:10:33', '2023-07-09 23:10:33'),
	(15, 1, '127.0.0.1', 'Dashboard &raquo; Categories of  Apartment', 'unknown', 'http://127.0.0.1:8000/admin/dashboard/5/categories/1/edit', '0.12322783', '2023-07-10', '06:11:03', '2023-07-09 23:11:03', '2023-07-09 23:11:03'),
	(16, 1, '127.0.0.1', 'Dashboard &raquo; Categories of  Apartment', 'unknown', 'http://127.0.0.1:8000/admin/dashboard/5/categories/create', '0.10785198', '2023-07-10', '06:11:14', '2023-07-09 23:11:14', '2023-07-09 23:11:14'),
	(17, 1, '127.0.0.1', 'Dashboard &raquo; Ad. Banners', 'unknown', 'http://127.0.0.1:8000/admin/dashboard/banners', '0.10263395', '2023-07-10', '06:11:56', '2023-07-09 23:11:56', '2023-07-09 23:11:56'),
	(18, 1, '127.0.0.1', 'Dashboard &raquo; Apartment', 'unknown', 'http://127.0.0.1:8000/admin/dashboard/5/topics', '0.08410311', '2023-07-10', '06:11:57', '2023-07-09 23:11:57', '2023-07-09 23:11:57'),
	(19, 1, '127.0.0.1', 'Dashboard &raquo; Site Title', 'unknown', 'http://127.0.0.1:8000//assets/dashboard/js/eonasdan-bootstrap-datetimepicker/build/css/bootstrap-datetimepicker.css/admin/dashboard', '0.09299994', '2023-07-10', '06:11:58', '2023-07-09 23:11:58', '2023-07-09 23:11:58'),
	(20, 1, '127.0.0.1', 'Dashboard &raquo; Site Title', 'unknown', 'http://127.0.0.1:8000//assets/dashboard/js/eonasdan-bootstrap-datetimepicker/build/css/bootstrap-datetimepicker.dark.css/admin/dashboard', '0.11246109', '2023-07-10', '06:11:58', '2023-07-09 23:11:58', '2023-07-09 23:11:58'),
	(21, 1, '127.0.0.1', 'Dashboard &raquo; Site Title', 'unknown', 'http://127.0.0.1:8000//assets/dashboard/js/eonasdan-bootstrap-datetimepicker/build/js/bootstrap-datetimepicker.min.js/admin/dashboard', '0.14352608', '2023-07-10', '06:11:58', '2023-07-09 23:11:58', '2023-07-09 23:11:58'),
	(22, 1, '127.0.0.1', 'Dashboard &raquo; Apartment', 'unknown', 'http://127.0.0.1:8000/admin/dashboard/5/topics/create', '0.11188102', '2023-07-10', '06:13:05', '2023-07-09 23:13:05', '2023-07-09 23:13:05'),
	(23, 1, '127.0.0.1', 'Dashboard &raquo; Site Title', 'unknown', 'http://127.0.0.1:8000//assets/dashboard/js/select2/dist/css/select2.min.css/admin/dashboard', '0.0742929', '2023-07-10', '06:13:06', '2023-07-09 23:13:06', '2023-07-09 23:13:06'),
	(24, 1, '127.0.0.1', 'Dashboard &raquo; Site Title', 'unknown', 'http://127.0.0.1:8000//assets/dashboard/js/select2-bootstrap-theme/dist/select2-bootstrap.min.css/admin/dashboard', '0.10850096', '2023-07-10', '06:13:06', '2023-07-09 23:13:06', '2023-07-09 23:13:06'),
	(25, 1, '127.0.0.1', 'Dashboard &raquo; Site Title', 'unknown', 'http://127.0.0.1:8000//assets/dashboard/js/select2-bootstrap-theme/dist/select2-bootstrap.4.css/admin/dashboard', '0.09388399', '2023-07-10', '06:13:07', '2023-07-09 23:13:07', '2023-07-09 23:13:07'),
	(26, 1, '127.0.0.1', 'Dashboard &raquo; Site Title', 'unknown', 'http://127.0.0.1:8000//assets/dashboard/js/select2/dist/js/select2.min.js/admin/dashboard', '0.10399699', '2023-07-10', '06:13:07', '2023-07-09 23:13:07', '2023-07-09 23:13:07'),
	(27, 1, '127.0.0.1', 'Dashboard &raquo; Categories of  Apartment', 'unknown', 'http://127.0.0.1:8000/admin/dashboard/5/categories/2/edit', '0.12460899', '2023-07-10', '06:20:18', '2023-07-09 23:20:18', '2023-07-09 23:20:18'),
	(28, 1, '127.0.0.1', 'Dashboard &raquo; Users &amp; Permissions', 'unknown', 'http://127.0.0.1:8000/admin/dashboard/users/2/edit', '0.10513496', '2023-07-10', '06:20:35', '2023-07-09 23:20:35', '2023-07-09 23:20:35'),
	(29, 1, '127.0.0.1', 'Dashboard &raquo; Phòng  201', 'unknown', 'http://127.0.0.1:8000/admin/dashboard/5/topics/7/edit', '0.12909889', '2023-07-10', '06:25:15', '2023-07-09 23:25:15', '2023-07-09 23:25:15'),
	(30, 1, '127.0.0.1', 'Dashboard &raquo; Tiêu đề  Trang', 'unknown', 'http://127.0.0.1:8000//assets/dashboard/js/dropzone/dist/min/dropzone.min.js/admin/dashboard', '0.10058498', '2023-07-10', '06:25:17', '2023-07-09 23:25:17', '2023-07-09 23:25:17'),
	(31, 1, '127.0.0.1', 'Dashboard &raquo; Tiêu đề  Trang', 'unknown', 'http://127.0.0.1:8000//assets/dashboard/js/dropzone/dist/min/dropzone.min.css/admin/dashboard', '0.10331202', '2023-07-10', '06:25:18', '2023-07-09 23:25:18', '2023-07-09 23:25:18'),
	(32, 1, '127.0.0.1', 'Phòng  201', 'unknown', 'http://127.0.0.1:8000/vi/can-ho/topic/7', '0.13910604', '2023-07-10', '06:26:39', '2023-07-09 23:26:39', '2023-07-09 23:26:39'),
	(33, 1, '127.0.0.1', 'Dashboard &raquo; Noi dung 3', 'unknown', 'http://127.0.0.1:8000/admin/dashboard/5/topics/9/edit', '0.1133101', '2023-07-10', '06:41:59', '2023-07-09 23:41:59', '2023-07-09 23:41:59'),
	(34, 1, '127.0.0.1', 'Dashboard &raquo; Phòng 501', 'unknown', 'http://127.0.0.1:8000/admin/dashboard/5/topics/11/edit', '0.10548401', '2023-07-10', '06:44:41', '2023-07-09 23:44:41', '2023-07-09 23:44:41'),
	(35, 1, '127.0.0.1', 'Dashboard &raquo; Phòng 602', 'unknown', 'http://127.0.0.1:8000/admin/dashboard/5/topics/13/edit', '0.11122799', '2023-07-10', '06:46:11', '2023-07-09 23:46:11', '2023-07-09 23:46:11'),
	(36, 1, '127.0.0.1', 'Dashboard &raquo; Phòng 601', 'unknown', 'http://127.0.0.1:8000/admin/dashboard/5/topics/12/edit', '0.09659386', '2023-07-10', '06:48:25', '2023-07-09 23:48:25', '2023-07-09 23:48:25'),
	(37, 1, '127.0.0.1', 'Phòng 402', 'unknown', 'http://127.0.0.1:8000/vi/can-ho/topic/10', '0.1002121', '2023-07-10', '06:48:50', '2023-07-09 23:48:50', '2023-07-09 23:48:50'),
	(38, 1, '127.0.0.1', 'Dashboard &raquo; Phòng 402', 'unknown', 'http://127.0.0.1:8000/admin/dashboard/5/topics/10/edit', '0.12411404', '2023-07-10', '06:48:53', '2023-07-09 23:48:53', '2023-07-09 23:48:53'),
	(39, 1, '127.0.0.1', 'Dashboard &raquo; Phòng 601', 'unknown', 'http://127.0.0.1:8000/admin/dashboard/5/topics/36/edit', '0.10900688', '2023-07-10', '07:03:06', '2023-07-10 00:03:06', '2023-07-10 00:03:06'),
	(40, 1, '127.0.0.1', 'Dashboard &raquo; General Settings', 'unknown', 'http://127.0.0.1:8000/admin/dashboard/settings', '0.11691999', '2023-07-10', '07:24:31', '2023-07-10 00:24:31', '2023-07-10 00:24:31'),
	(41, 1, '127.0.0.1', 'Dashboard &raquo; General Settings', 'unknown', 'http://127.0.0.1:8000/admin/dashboard/webmaster', '0.13572407', '2023-07-10', '07:24:35', '2023-07-10 00:24:35', '2023-07-10 00:24:35'),
	(42, 1, '127.0.0.1', 'Dashboard &raquo; Site Title', 'unknown', 'http://127.0.0.1:8000//assets/dashboard/js/summernote/dist/summernote.css/admin/dashboard', '0.10653186', '2023-07-10', '07:24:36', '2023-07-10 00:24:36', '2023-07-10 00:24:36'),
	(43, 1, '127.0.0.1', 'Dashboard &raquo; Site Title', 'unknown', 'http://127.0.0.1:8000//assets/dashboard/js/summernote/dist/summernote.js/admin/dashboard', '0.10761404', '2023-07-10', '07:24:36', '2023-07-10 00:24:36', '2023-07-10 00:24:36'),
	(44, 1, '127.0.0.1', 'Dashboard &raquo; Site Sections', 'unknown', 'http://127.0.0.1:8000/admin/dashboard/webmaster/sections', '0.11134887', '2023-07-10', '07:24:38', '2023-07-10 00:24:38', '2023-07-10 00:24:38'),
	(45, 1, '127.0.0.1', 'Dashboard &raquo; Site Sections', 'unknown', 'http://127.0.0.1:8000/admin/dashboard/webmaster/sections/5/edit', '0.12064815', '2023-07-10', '07:24:41', '2023-07-10 00:24:41', '2023-07-10 00:24:41'),
	(46, 1, '127.0.0.1', 'Dashboard &raquo; Phòng 302', 'unknown', 'http://127.0.0.1:8000/admin/dashboard/5/topics/35/edit', '0.11968303', '2023-07-10', '07:29:21', '2023-07-10 00:29:21', '2023-07-10 00:29:21'),
	(47, 1, '127.0.0.1', 'Dashboard &raquo; Phòng 202', 'unknown', 'http://127.0.0.1:8000/admin/dashboard/5/topics/34/edit', '0.09048009', '2023-07-10', '07:30:06', '2023-07-10 00:30:06', '2023-07-10 00:30:06'),
	(48, 1, '127.0.0.1', 'Dashboard &raquo; MBKD', 'unknown', 'http://127.0.0.1:8000/admin/dashboard/5/topics/30/edit', '0.1133039', '2023-07-10', '07:38:20', '2023-07-10 00:38:20', '2023-07-10 00:38:20'),
	(49, 1, '127.0.0.1', 'Dashboard &raquo; Phòng 201', 'unknown', 'http://127.0.0.1:8000/admin/dashboard/5/topics/14/edit', '0.0673039', '2023-07-10', '08:37:39', '2023-07-10 01:37:39', '2023-07-10 01:37:39');

-- Dumping data for table nine_housing.analytics_visitors: ~0 rows (approximately)
INSERT INTO `analytics_visitors` (`id`, `ip`, `city`, `country_code`, `country`, `region`, `full_address`, `location_cor1`, `location_cor2`, `os`, `browser`, `resolution`, `referrer`, `hostname`, `org`, `date`, `time`, `created_at`, `updated_at`) VALUES
	(1, '127.0.0.1', 'unknown', 'unknown', 'unknown', 'unknown', NULL, 'unknown', 'unknown', 'Linux', 'Chrome', 'unknown', 'unknown', 'unknown', 'unknown', '2023-07-10', '06:07:21', '2023-07-09 23:07:21', '2023-07-09 23:07:21');

-- Dumping data for table nine_housing.attach_files: ~0 rows (approximately)

-- Dumping data for table nine_housing.banners: ~0 rows (approximately)
INSERT INTO `banners` (`id`, `section_id`, `title_jp`, `title_en`, `title_vi`, `details_jp`, `details_en`, `details_vi`, `code`, `file_jp`, `file_en`, `file_vi`, `video_type`, `youtube_link`, `link_url`, `icon`, `status`, `visits`, `row_no`, `created_by`, `updated_by`, `created_at`, `updated_at`) VALUES
	(1, 1, 'Banner #1', 'Banner #1', 'Banner #1', 'It is a long established fact that a reader will be distracted by the readable content of a page.', 'It is a long established fact that a reader will be distracted by the readable content of a page.', 'It is a long established fact that a reader will be distracted by the readable content of a page.', NULL, 'noimg.png', 'noimg.png', 'noimg.png', NULL, NULL, '#', NULL, 1, 0, 1, 1, NULL, '2023-07-09 21:42:12', '2023-07-09 21:42:12'),
	(2, 1, 'Banner #2', 'Banner #2', 'Banner #2', 'It is a long established fact that a reader will be distracted by the readable content of a page.', 'It is a long established fact that a reader will be distracted by the readable content of a page.', 'It is a long established fact that a reader will be distracted by the readable content of a page.', NULL, 'noimg.png', 'noimg.png', 'noimg.png', NULL, NULL, '#', NULL, 1, 0, 2, 1, NULL, '2023-07-09 21:42:12', '2023-07-09 21:42:12'),
	(3, 2, 'Responsive Design', 'Responsive Design', 'Responsive Design', 'It is a long established fact that a reader will be distracted by the readable content of a page.', 'It is a long established fact that a reader will be distracted by the readable content of a page.', 'It is a long established fact that a reader will be distracted by the readable content of a page.', NULL, '', '', '', NULL, NULL, '#', 'fa-object-group', 1, 0, 1, 1, NULL, '2023-07-09 21:42:12', '2023-07-09 21:42:12'),
	(4, 2, 'HTML5 & CSS3', 'HTML5 & CSS3', 'HTML5 & CSS3', 'It is a long established fact that a reader will be distracted by the readable content of a page.', 'It is a long established fact that a reader will be distracted by the readable content of a page.', 'It is a long established fact that a reader will be distracted by the readable content of a page.', NULL, '', '', '', NULL, NULL, '#', 'fa-html5', 1, 0, 2, 1, NULL, '2023-07-09 21:42:12', '2023-07-09 21:42:12'),
	(5, 2, 'Bootstrap Used', 'Bootstrap Used', 'Bootstrap Used', 'It is a long established fact that a reader will be distracted by the readable content of a page.', 'It is a long established fact that a reader will be distracted by the readable content of a page.', 'It is a long established fact that a reader will be distracted by the readable content of a page.', NULL, '', '', '', NULL, NULL, '#', 'fa-code', 1, 0, 3, 1, NULL, '2023-07-09 21:42:12', '2023-07-09 21:42:12'),
	(6, 2, 'Classic Design', 'Classic Design', 'Classic Design', 'It is a long established fact that a reader will be distracted by the readable content of a page.', 'It is a long established fact that a reader will be distracted by the readable content of a page.', 'It is a long established fact that a reader will be distracted by the readable content of a page.', NULL, '', '', '', NULL, NULL, '#', 'fa-laptop', 1, 0, 4, 1, NULL, '2023-07-09 21:42:12', '2023-07-09 21:42:12');

-- Dumping data for table nine_housing.cities: ~0 rows (approximately)

-- Dumping data for table nine_housing.comments: ~0 rows (approximately)

-- Dumping data for table nine_housing.contacts: ~0 rows (approximately)

-- Dumping data for table nine_housing.contacts_groups: ~0 rows (approximately)
INSERT INTO `contacts_groups` (`id`, `name`, `created_by`, `updated_by`, `created_at`, `updated_at`) VALUES
	(1, 'Newsletter Emails', 1, NULL, '2023-07-09 21:42:12', '2023-07-09 21:42:12');

-- Dumping data for table nine_housing.countries: ~0 rows (approximately)
INSERT INTO `countries` (`id`, `code`, `title_jp`, `title_vi`, `title_en`, `tel`, `created_at`, `updated_at`) VALUES
	(1, 'AL', 'Albania', 'ألبانيا', 'Albania', '355', '2023-07-09 21:42:11', '2023-07-09 21:42:12'),
	(2, 'DZ', 'Algeria', 'الجزائر', 'Algeria', '213', '2023-07-09 21:42:11', '2023-07-09 21:42:12'),
	(3, 'AS', 'American Samoa', 'ساموا الأمريكية', 'American Samoa', '1-684', '2023-07-09 21:42:11', '2023-07-09 21:42:12'),
	(4, 'AD', 'Andorra', 'أندورا', 'Andorra', '376', '2023-07-09 21:42:11', '2023-07-09 21:42:12'),
	(5, 'AO', 'Angola', 'أنغولا', 'Angola', '244', '2023-07-09 21:42:11', '2023-07-09 21:42:12'),
	(6, 'AI', 'Anguilla', 'أنغيلا', 'Anguilla', '1-264', '2023-07-09 21:42:11', '2023-07-09 21:42:12'),
	(7, 'AR', 'Argentina', 'الأرجنتين', 'Argentina', '54', '2023-07-09 21:42:11', '2023-07-09 21:42:12'),
	(8, 'AM', 'Armenia', 'أرمينيا', 'Armenia', '374', '2023-07-09 21:42:11', '2023-07-09 21:42:12'),
	(9, 'AW', 'Aruba', 'أروبا', 'Aruba', '297', '2023-07-09 21:42:11', '2023-07-09 21:42:12'),
	(10, 'AU', 'Australia', 'أستراليا', 'Australia', '61', '2023-07-09 21:42:11', '2023-07-09 21:42:12'),
	(11, 'AT', 'Austria', 'النمسا', 'Austria', '43', '2023-07-09 21:42:11', '2023-07-09 21:42:12'),
	(12, 'AZ', 'Azerbaijan', 'أذربيجان', 'Azerbaijan', '994', '2023-07-09 21:42:11', '2023-07-09 21:42:12'),
	(13, 'BS', 'Bahamas', 'جزر البهاما', 'Bahamas', '1-242', '2023-07-09 21:42:11', '2023-07-09 21:42:12'),
	(14, 'BH', 'Bahrain', 'البحرين', 'Bahrain', '973', '2023-07-09 21:42:11', '2023-07-09 21:42:12'),
	(15, 'BD', 'Bangladesh', 'بنغلاديش', 'Bangladesh', '880', '2023-07-09 21:42:11', '2023-07-09 21:42:12'),
	(16, 'BB', 'Barbados', 'بربادوس', 'Barbados', '1-246', '2023-07-09 21:42:11', '2023-07-09 21:42:12'),
	(17, 'BY', 'Belarus', 'روسيا البيضاء', 'Belarus', '375', '2023-07-09 21:42:11', '2023-07-09 21:42:12'),
	(18, 'BE', 'Belgium', 'بلجيكا', 'Belgium', '32', '2023-07-09 21:42:11', '2023-07-09 21:42:12'),
	(19, 'BZ', 'Belize', 'بليز', 'Belize', '501', '2023-07-09 21:42:11', '2023-07-09 21:42:12'),
	(20, 'BJ', 'Benin', 'بنين', 'Benin', '229', '2023-07-09 21:42:11', '2023-07-09 21:42:12'),
	(21, 'BM', 'Bermuda', 'برمودا', 'Bermuda', '1-441', '2023-07-09 21:42:11', '2023-07-09 21:42:12'),
	(22, 'BT', 'Bhutan', 'بوتان', 'Bhutan', '975', '2023-07-09 21:42:11', '2023-07-09 21:42:12'),
	(23, 'BO', 'Bolivia', 'بوليفيا', 'Bolivia', '591', '2023-07-09 21:42:11', '2023-07-09 21:42:12'),
	(24, 'BA', 'Bosnia and Herzegovina', 'البوسنة والهرسك', 'Bosnia and Herzegovina', '387', '2023-07-09 21:42:11', '2023-07-09 21:42:12'),
	(25, 'BW', 'Botswana', 'بوتسوانا', 'Botswana', '267', '2023-07-09 21:42:11', '2023-07-09 21:42:12'),
	(26, 'BR', 'Brazil', 'البرازيل', 'Brazil', '55', '2023-07-09 21:42:11', '2023-07-09 21:42:12'),
	(27, 'VG', 'British Virgin Islands', 'جزر فيرجن البريطانية', 'British Virgin Islands', '1-284', '2023-07-09 21:42:11', '2023-07-09 21:42:12'),
	(28, 'IO', 'British Indian Ocean Territory', 'إقليم المحيط الهندي البريطاني', 'British Indian Ocean Territory', '246', '2023-07-09 21:42:11', '2023-07-09 21:42:12'),
	(29, 'BN', 'Brunei Darussalam', 'بروناي دار السلام', 'Brunei Darussalam', '673', '2023-07-09 21:42:11', '2023-07-09 21:42:12'),
	(30, 'BG', 'Bulgaria', 'بلغاريا', 'Bulgaria', '359', '2023-07-09 21:42:11', '2023-07-09 21:42:12'),
	(31, 'BF', 'Burkina Faso', 'بوركينا فاسو', 'Burkina Faso', '226', '2023-07-09 21:42:11', '2023-07-09 21:42:12'),
	(32, 'BI', 'Burundi', 'بوروندي', 'Burundi', '257', '2023-07-09 21:42:11', '2023-07-09 21:42:12'),
	(33, 'KH', 'Cambodia', 'كمبوديا', 'Cambodia', '855', '2023-07-09 21:42:11', '2023-07-09 21:42:12'),
	(34, 'CM', 'Cameroon', 'الكاميرون', 'Cameroon', '237', '2023-07-09 21:42:11', '2023-07-09 21:42:12'),
	(35, 'CA', 'Canada', 'كندا', 'Canada', '1', '2023-07-09 21:42:11', '2023-07-09 21:42:12'),
	(36, 'CV', 'Cape Verde', 'الرأس الأخضر', 'Cape Verde', '238', '2023-07-09 21:42:11', '2023-07-09 21:42:12'),
	(37, 'KY', 'Cayman Islands', 'جزر كايمان', 'Cayman Islands', '1-345', '2023-07-09 21:42:11', '2023-07-09 21:42:12'),
	(38, 'CF', 'Central African Republic', 'افريقيا الوسطى', 'Central African Republic', '236', '2023-07-09 21:42:11', '2023-07-09 21:42:12'),
	(39, 'TD', 'Chad', 'تشاد', 'Chad', '235', '2023-07-09 21:42:11', '2023-07-09 21:42:12'),
	(40, 'CL', 'Chile', 'تشيلي', 'Chile', '56', '2023-07-09 21:42:12', '2023-07-09 21:42:12'),
	(41, 'CN', 'China', 'الصين', 'China', '86', '2023-07-09 21:42:12', '2023-07-09 21:42:12'),
	(42, 'HK', 'Hong Kong', 'هونغ كونغ', 'Hong Kong', '852', '2023-07-09 21:42:12', '2023-07-09 21:42:12'),
	(43, 'MO', 'Macao', 'ماكاو', 'Macao', '853', '2023-07-09 21:42:12', '2023-07-09 21:42:12'),
	(44, 'CX', 'Christmas Island', 'جزيرة الكريسماس', 'Christmas Island', '61', '2023-07-09 21:42:12', '2023-07-09 21:42:12'),
	(45, 'CC', 'Cocos (Keeling) Islands', 'جزر كوكوس (كيلينغ)', 'Cocos (Keeling) Islands', '61', '2023-07-09 21:42:12', '2023-07-09 21:42:12'),
	(46, 'CO', 'Colombia', 'كولومبيا', 'Colombia', '57', '2023-07-09 21:42:12', '2023-07-09 21:42:12'),
	(47, 'KM', 'Comoros', 'جزر القمر', 'Comoros', '269', '2023-07-09 21:42:12', '2023-07-09 21:42:12'),
	(48, 'CK', 'Cook Islands', 'جزر كوك', 'Cook Islands', '682', '2023-07-09 21:42:12', '2023-07-09 21:42:12'),
	(49, 'CR', 'Costa Rica', 'كوستا ريكا', 'Costa Rica', '506', '2023-07-09 21:42:12', '2023-07-09 21:42:12'),
	(50, 'HR', 'Croatia', 'كرواتيا', 'Croatia', '385', '2023-07-09 21:42:12', '2023-07-09 21:42:12'),
	(51, 'CU', 'Cuba', 'كوبا', 'Cuba', '53', '2023-07-09 21:42:12', '2023-07-09 21:42:12'),
	(52, 'CY', 'Cyprus', 'قبرص', 'Cyprus', '357', '2023-07-09 21:42:12', '2023-07-09 21:42:12'),
	(53, 'CZ', 'Czech Republic', 'الجمهورية التشيكية', 'Czech Republic', '420', '2023-07-09 21:42:12', '2023-07-09 21:42:12'),
	(54, 'DK', 'Denmark', 'الدنمارك', 'Denmark', '45', '2023-07-09 21:42:12', '2023-07-09 21:42:12'),
	(55, 'DJ', 'Djibouti', 'جيبوتي', 'Djibouti', '253', '2023-07-09 21:42:12', '2023-07-09 21:42:12'),
	(56, 'DM', 'Dominica', 'دومينيكا', 'Dominica', '1-767', '2023-07-09 21:42:12', '2023-07-09 21:42:12'),
	(57, 'DO', 'Dominican Republic', 'جمهورية الدومينيكان', 'Dominican Republic', '1-809', '2023-07-09 21:42:12', '2023-07-09 21:42:12'),
	(58, 'EC', 'Ecuador', 'الاكوادور', 'Ecuador', '593', '2023-07-09 21:42:12', '2023-07-09 21:42:12'),
	(59, 'EG', 'Egypt', 'مصر', 'Egypt', '20', '2023-07-09 21:42:12', '2023-07-09 21:42:12'),
	(60, 'SV', 'El Salvador', 'السلفادور', 'El Salvador', '503', '2023-07-09 21:42:12', '2023-07-09 21:42:12'),
	(61, 'GQ', 'Equatorial Guinea', 'غينيا الاستوائية', 'Equatorial Guinea', '240', '2023-07-09 21:42:12', '2023-07-09 21:42:12'),
	(62, 'ER', 'Eritrea', 'إريتريا', 'Eritrea', '291', '2023-07-09 21:42:12', '2023-07-09 21:42:12'),
	(63, 'EE', 'Estonia', 'استونيا', 'Estonia', '372', '2023-07-09 21:42:12', '2023-07-09 21:42:12'),
	(64, 'ET', 'Ethiopia', 'أثيوبيا', 'Ethiopia', '251', '2023-07-09 21:42:12', '2023-07-09 21:42:12'),
	(65, 'FO', 'Faroe Islands', 'جزر فارو', 'Faroe Islands', '298', '2023-07-09 21:42:12', '2023-07-09 21:42:12'),
	(66, 'FJ', 'Fiji', 'فيجي', 'Fiji', '679', '2023-07-09 21:42:12', '2023-07-09 21:42:12'),
	(67, 'FI', 'Finland', 'فنلندا', 'Finland', '358', '2023-07-09 21:42:12', '2023-07-09 21:42:12'),
	(68, 'FR', 'France', 'فرنسا', 'France', '33', '2023-07-09 21:42:12', '2023-07-09 21:42:12'),
	(69, 'GF', 'French Guiana', 'جيانا الفرنسية', 'French Guiana', '689', '2023-07-09 21:42:12', '2023-07-09 21:42:12'),
	(70, 'GA', 'Gabon', 'الغابون', 'Gabon', '241', '2023-07-09 21:42:12', '2023-07-09 21:42:12'),
	(71, 'GM', 'Gambia', 'غامبيا', 'Gambia', '220', '2023-07-09 21:42:12', '2023-07-09 21:42:12'),
	(72, 'GE', 'Georgia', 'جورجيا', 'Georgia', '995', '2023-07-09 21:42:12', '2023-07-09 21:42:12'),
	(73, 'DE', 'Germany', 'ألمانيا', 'Germany', '49', '2023-07-09 21:42:12', '2023-07-09 21:42:12'),
	(74, 'GH', 'Ghana', 'غانا', 'Ghana', '233', '2023-07-09 21:42:12', '2023-07-09 21:42:12'),
	(75, 'GI', 'Gibraltar', 'جبل طارق', 'Gibraltar', '350', '2023-07-09 21:42:12', '2023-07-09 21:42:12'),
	(76, 'GR', 'Greece', 'يونان', 'Greece', '30', '2023-07-09 21:42:12', '2023-07-09 21:42:12'),
	(77, 'GL', 'Greenland', 'غرينلاند', 'Greenland', '299', '2023-07-09 21:42:12', '2023-07-09 21:42:12'),
	(78, 'GD', 'Grenada', 'غرينادا', 'Grenada', '1-473', '2023-07-09 21:42:12', '2023-07-09 21:42:12'),
	(79, 'GU', 'Guam', 'غوام', 'Guam', '1-671', '2023-07-09 21:42:12', '2023-07-09 21:42:12'),
	(80, 'GT', 'Guatemala', 'غواتيمالا', 'Guatemala', '502', '2023-07-09 21:42:12', '2023-07-09 21:42:12'),
	(81, 'GN', 'Guinea', 'غينيا', 'Guinea', '224', '2023-07-09 21:42:12', '2023-07-09 21:42:12'),
	(82, 'GW', 'Guinea-Bissau', 'غينيا-بيساو', 'Guinea-Bissau', '245', '2023-07-09 21:42:12', '2023-07-09 21:42:12'),
	(83, 'GY', 'Guyana', 'غيانا', 'Guyana', '592', '2023-07-09 21:42:12', '2023-07-09 21:42:12'),
	(84, 'HT', 'Haiti', 'هايتي', 'Haiti', '509', '2023-07-09 21:42:12', '2023-07-09 21:42:12'),
	(85, 'HN', 'Honduras', 'هندوراس', 'Honduras', '504', '2023-07-09 21:42:12', '2023-07-09 21:42:12'),
	(86, 'HU', 'Hungary', 'هنغاريا', 'Hungary', '36', '2023-07-09 21:42:12', '2023-07-09 21:42:12'),
	(87, 'IS', 'Iceland', 'أيسلندا', 'Iceland', '354', '2023-07-09 21:42:12', '2023-07-09 21:42:12'),
	(88, 'IN', 'India', 'الهند', 'India', '91', '2023-07-09 21:42:12', '2023-07-09 21:42:12'),
	(89, 'ID', 'Indonesia', 'أندونيسيا', 'Indonesia', '62', '2023-07-09 21:42:12', '2023-07-09 21:42:12'),
	(90, 'IR', 'Iran, Islamic Republic of', 'جمهورية إيران الإسلامية', 'Iran, Islamic Republic of', '98', '2023-07-09 21:42:12', '2023-07-09 21:42:12'),
	(91, 'IQ', 'Iraq', 'العراق', 'Iraq', '964', '2023-07-09 21:42:12', '2023-07-09 21:42:12'),
	(92, 'IE', 'Ireland', 'أيرلندا', 'Ireland', '353', '2023-07-09 21:42:12', '2023-07-09 21:42:12'),
	(93, 'IM', 'Isle of Man', 'جزيرة مان', 'Isle of Man', '44-1624', '2023-07-09 21:42:12', '2023-07-09 21:42:12'),
	(94, 'IL', 'Israel', 'إسرائيل', 'Israel', '972', '2023-07-09 21:42:12', '2023-07-09 21:42:12'),
	(95, 'IT', 'Italy', 'إيطاليا', 'Italy', '39', '2023-07-09 21:42:12', '2023-07-09 21:42:12'),
	(96, 'JM', 'Jamaica', 'جامايكا', 'Jamaica', '1-876', '2023-07-09 21:42:12', '2023-07-09 21:42:12'),
	(97, 'JP', 'Japan', 'اليابان', 'Japan', '81', '2023-07-09 21:42:12', '2023-07-09 21:42:12'),
	(98, 'JE', 'Jersey', 'جيرسي', 'Jersey', '44-1534', '2023-07-09 21:42:12', '2023-07-09 21:42:12'),
	(99, 'JO', 'Jordan', 'الأردن', 'Jordan', '962', '2023-07-09 21:42:12', '2023-07-09 21:42:12'),
	(100, 'KZ', 'Kazakhstan', 'كازاخستان', 'Kazakhstan', '7', '2023-07-09 21:42:12', '2023-07-09 21:42:12'),
	(101, 'KE', 'Kenya', 'كينيا', 'Kenya', '254', '2023-07-09 21:42:12', '2023-07-09 21:42:12'),
	(102, 'KI', 'Kiribati', 'كيريباس', 'Kiribati', '686', '2023-07-09 21:42:12', '2023-07-09 21:42:12'),
	(103, 'KW', 'Kuwait', 'الكويت', 'Kuwait', '965', '2023-07-09 21:42:12', '2023-07-09 21:42:12'),
	(104, 'KG', 'Kyrgyzstan', 'قيرغيزستان', 'Kyrgyzstan', '996', '2023-07-09 21:42:12', '2023-07-09 21:42:12'),
	(105, 'LV', 'Latvia', 'لاتفيا', 'Latvia', '371', '2023-07-09 21:42:12', '2023-07-09 21:42:12'),
	(106, 'LB', 'Lebanon', 'لبنان', 'Lebanon', '961', '2023-07-09 21:42:12', '2023-07-09 21:42:12'),
	(107, 'LS', 'Lesotho', 'ليسوتو', 'Lesotho', '266', '2023-07-09 21:42:12', '2023-07-09 21:42:12'),
	(108, 'LR', 'Liberia', 'ليبيريا', 'Liberia', '231', '2023-07-09 21:42:12', '2023-07-09 21:42:12'),
	(109, 'LY', 'Libya', 'ليبيا', 'Libya', '218', '2023-07-09 21:42:12', '2023-07-09 21:42:12'),
	(110, 'LI', 'Liechtenstein', 'ليشتنشتاين', 'Liechtenstein', '423', '2023-07-09 21:42:12', '2023-07-09 21:42:12'),
	(111, 'LT', 'Lithuania', 'ليتوانيا', 'Lithuania', '370', '2023-07-09 21:42:12', '2023-07-09 21:42:12'),
	(112, 'LU', 'Luxembourg', 'لوكسمبورغ', 'Luxembourg', '352', '2023-07-09 21:42:12', '2023-07-09 21:42:12'),
	(113, 'MK', 'Macedonia', 'مقدونيا، جمهورية', 'Macedonia', '389', '2023-07-09 21:42:12', '2023-07-09 21:42:12'),
	(114, 'MG', 'Madagascar', 'مدغشقر', 'Madagascar', '261', '2023-07-09 21:42:12', '2023-07-09 21:42:12'),
	(115, 'MW', 'Malawi', 'ملاوي', 'Malawi', '265', '2023-07-09 21:42:12', '2023-07-09 21:42:12'),
	(116, 'MY', 'Malaysia', 'ماليزيا', 'Malaysia', '60', '2023-07-09 21:42:12', '2023-07-09 21:42:12'),
	(117, 'MV', 'Maldives', 'جزر المالديف', 'Maldives', '960', '2023-07-09 21:42:12', '2023-07-09 21:42:12'),
	(118, 'ML', 'Mali', 'مالي', 'Mali', '223', '2023-07-09 21:42:12', '2023-07-09 21:42:12'),
	(119, 'MT', 'Malta', 'مالطا', 'Malta', '356', '2023-07-09 21:42:12', '2023-07-09 21:42:12'),
	(120, 'MH', 'Marshall Islands', 'جزر مارشال', 'Marshall Islands', '692', '2023-07-09 21:42:12', '2023-07-09 21:42:12'),
	(121, 'MR', 'Mauritania', 'موريتانيا', 'Mauritania', '222', '2023-07-09 21:42:12', '2023-07-09 21:42:12'),
	(122, 'MU', 'Mauritius', 'موريشيوس', 'Mauritius', '230', '2023-07-09 21:42:12', '2023-07-09 21:42:12'),
	(123, 'YT', 'Mayotte', 'مايوت', 'Mayotte', '262', '2023-07-09 21:42:12', '2023-07-09 21:42:12'),
	(124, 'MX', 'Mexico', 'المكسيك', 'Mexico', '52', '2023-07-09 21:42:12', '2023-07-09 21:42:12'),
	(125, 'FM', 'Micronesia', 'ولايات ميكرونيزيا الموحدة', 'Micronesia', '691', '2023-07-09 21:42:12', '2023-07-09 21:42:12'),
	(126, 'MD', 'Moldova', 'مولدوفا', 'Moldova', '373', '2023-07-09 21:42:12', '2023-07-09 21:42:12'),
	(127, 'MC', 'Monaco', 'موناكو', 'Monaco', '377', '2023-07-09 21:42:12', '2023-07-09 21:42:12'),
	(128, 'MN', 'Mongolia', 'منغوليا', 'Mongolia', '976', '2023-07-09 21:42:12', '2023-07-09 21:42:12'),
	(129, 'ME', 'Montenegro', 'الجبل الأسود', 'Montenegro', '382', '2023-07-09 21:42:12', '2023-07-09 21:42:12'),
	(130, 'MS', 'Montserrat', 'مونتسيرات', 'Montserrat', '1-664', '2023-07-09 21:42:12', '2023-07-09 21:42:12'),
	(131, 'MA', 'Morocco', 'المغرب', 'Morocco', '212', '2023-07-09 21:42:12', '2023-07-09 21:42:12'),
	(132, 'MZ', 'Mozambique', 'موزمبيق', 'Mozambique', '258', '2023-07-09 21:42:12', '2023-07-09 21:42:12'),
	(133, 'MM', 'Myanmar', 'ميانمار', 'Myanmar', '95', '2023-07-09 21:42:12', '2023-07-09 21:42:12'),
	(134, 'NA', 'Namibia', 'ناميبيا', 'Namibia', '264', '2023-07-09 21:42:12', '2023-07-09 21:42:12'),
	(135, 'NR', 'Nauru', 'ناورو', 'Nauru', '674', '2023-07-09 21:42:12', '2023-07-09 21:42:12'),
	(136, 'NP', 'Nepal', 'نيبال', 'Nepal', '977', '2023-07-09 21:42:12', '2023-07-09 21:42:12'),
	(137, 'NL', 'Netherlands', 'هولندا', 'Netherlands', '31', '2023-07-09 21:42:12', '2023-07-09 21:42:12'),
	(138, 'AN', 'Netherlands Antilles', 'جزر الأنتيل الهولندية', 'Netherlands Antilles', '599', '2023-07-09 21:42:12', '2023-07-09 21:42:12'),
	(139, 'NC', 'New Caledonia', 'كاليدونيا الجديدة', 'New Caledonia', '687', '2023-07-09 21:42:12', '2023-07-09 21:42:12'),
	(140, 'NZ', 'New Zealand', 'نيوزيلندا', 'New Zealand', '64', '2023-07-09 21:42:12', '2023-07-09 21:42:12'),
	(141, 'NI', 'Nicaragua', 'نيكاراغوا', 'Nicaragua', '505', '2023-07-09 21:42:12', '2023-07-09 21:42:12'),
	(142, 'NE', 'Niger', 'النيجر', 'Niger', '227', '2023-07-09 21:42:12', '2023-07-09 21:42:12'),
	(143, 'NG', 'Nigeria', 'نيجيريا', 'Nigeria', '234', '2023-07-09 21:42:12', '2023-07-09 21:42:12'),
	(144, 'NU', 'Niue', 'نيوي', 'Niue', '683', '2023-07-09 21:42:12', '2023-07-09 21:42:12'),
	(145, 'NO', 'Norway', 'النرويج', 'Norway', '47', '2023-07-09 21:42:12', '2023-07-09 21:42:12'),
	(146, 'OM', 'Oman', 'عمان', 'Oman', '968', '2023-07-09 21:42:12', '2023-07-09 21:42:12'),
	(147, 'PK', 'Pakistan', 'باكستان', 'Pakistan', '92', '2023-07-09 21:42:12', '2023-07-09 21:42:12'),
	(148, 'PW', 'Palau', 'بالاو', 'Palau', '680', '2023-07-09 21:42:12', '2023-07-09 21:42:12'),
	(149, 'PS', 'Palestinian', 'فلسطين', 'Palestinian', '972', '2023-07-09 21:42:12', '2023-07-09 21:42:12'),
	(150, 'PA', 'Panama', 'بناما', 'Panama', '507', '2023-07-09 21:42:12', '2023-07-09 21:42:12'),
	(151, 'PY', 'Paraguay', 'باراغواي', 'Paraguay', '595', '2023-07-09 21:42:12', '2023-07-09 21:42:12'),
	(152, 'PE', 'Peru', 'بيرو', 'Peru', '51', '2023-07-09 21:42:12', '2023-07-09 21:42:12'),
	(153, 'PH', 'Philippines', 'الفلبين', 'Philippines', '63', '2023-07-09 21:42:12', '2023-07-09 21:42:12'),
	(154, 'PN', 'Pitcairn', 'بيتكيرن', 'Pitcairn', '870', '2023-07-09 21:42:12', '2023-07-09 21:42:12'),
	(155, 'PL', 'Poland', 'بولندا', 'Poland', '48', '2023-07-09 21:42:12', '2023-07-09 21:42:12'),
	(156, 'PT', 'Portugal', 'البرتغال', 'Portugal', '351', '2023-07-09 21:42:12', '2023-07-09 21:42:12'),
	(157, 'PR', 'Puerto Rico', 'بويرتو ريكو', 'Puerto Rico', '1-787', '2023-07-09 21:42:12', '2023-07-09 21:42:12'),
	(158, 'QA', 'Qatar', 'قطر', 'Qatar', '974', '2023-07-09 21:42:12', '2023-07-09 21:42:12'),
	(159, 'RO', 'Romania', 'رومانيا', 'Romania', '40', '2023-07-09 21:42:12', '2023-07-09 21:42:12'),
	(160, 'RU', 'Russian Federation', 'الفيدرالية الروسية', 'Russian Federation', '7', '2023-07-09 21:42:12', '2023-07-09 21:42:12'),
	(161, 'RW', 'Rwanda', 'رواندا', 'Rwanda', '250', '2023-07-09 21:42:12', '2023-07-09 21:42:12'),
	(162, 'SH', 'Saint Helena', 'سانت هيلينا', 'Saint Helena', '290', '2023-07-09 21:42:12', '2023-07-09 21:42:12'),
	(163, 'KN', 'Saint Kitts and Nevis', 'سانت كيتس ونيفيس', 'Saint Kitts and Nevis', '1-869', '2023-07-09 21:42:12', '2023-07-09 21:42:12'),
	(164, 'LC', 'Saint Lucia', 'سانت لوسيا', 'Saint Lucia', '1-758', '2023-07-09 21:42:12', '2023-07-09 21:42:12'),
	(165, 'PM', 'Saint Pierre and Miquelon', 'سان بيار وميكلون', 'Saint Pierre and Miquelon', '508', '2023-07-09 21:42:12', '2023-07-09 21:42:12'),
	(166, 'VC', 'Saint Vincent and Grenadines', 'سانت فنسنت وجزر غرينادين', 'Saint Vincent and Grenadines', '1-784', '2023-07-09 21:42:12', '2023-07-09 21:42:12'),
	(167, 'WS', 'Samoa', 'ساموا', 'Samoa', '685', '2023-07-09 21:42:12', '2023-07-09 21:42:12'),
	(168, 'SM', 'San Marino', 'سان مارينو', 'San Marino', '378', '2023-07-09 21:42:12', '2023-07-09 21:42:12'),
	(169, 'ST', 'Sao Tome and Principe', 'ساو تومي وبرينسيبي', 'Sao Tome and Principe', '239', '2023-07-09 21:42:12', '2023-07-09 21:42:12'),
	(170, 'SA', 'Saudi Arabia', 'المملكة العربية السعودية', 'Saudi Arabia', '966', '2023-07-09 21:42:12', '2023-07-09 21:42:12'),
	(171, 'SN', 'Senegal', 'السنغال', 'Senegal', '221', '2023-07-09 21:42:12', '2023-07-09 21:42:12'),
	(172, 'RS', 'Serbia', 'صربيا', 'Serbia', '381', '2023-07-09 21:42:12', '2023-07-09 21:42:12'),
	(173, 'SC', 'Seychelles', 'سيشيل', 'Seychelles', '248', '2023-07-09 21:42:12', '2023-07-09 21:42:12'),
	(174, 'SL', 'Sierra Leone', 'سيرا ليون', 'Sierra Leone', '232', '2023-07-09 21:42:12', '2023-07-09 21:42:12'),
	(175, 'SG', 'Singapore', 'سنغافورة', 'Singapore', '65', '2023-07-09 21:42:12', '2023-07-09 21:42:12'),
	(176, 'SK', 'Slovakia', 'سلوفاكيا', 'Slovakia', '421', '2023-07-09 21:42:12', '2023-07-09 21:42:12'),
	(177, 'SI', 'Slovenia', 'سلوفينيا', 'Slovenia', '386', '2023-07-09 21:42:12', '2023-07-09 21:42:12'),
	(178, 'SB', 'Solomon Islands', 'جزر سليمان', 'Solomon Islands', '677', '2023-07-09 21:42:12', '2023-07-09 21:42:12'),
	(179, 'SO', 'Somalia', 'الصومال', 'Somalia', '252', '2023-07-09 21:42:12', '2023-07-09 21:42:12'),
	(180, 'ZA', 'South Africa', 'جنوب أفريقيا', 'South Africa', '27', '2023-07-09 21:42:12', '2023-07-09 21:42:12'),
	(181, 'ES', 'Spain', 'إسبانيا', 'Spain', '34', '2023-07-09 21:42:12', '2023-07-09 21:42:12'),
	(182, 'LK', 'Sri Lanka', 'سيريلانكا', 'Sri Lanka', '94', '2023-07-09 21:42:12', '2023-07-09 21:42:12'),
	(183, 'SD', 'Sudan', 'السودان', 'Sudan', '249', '2023-07-09 21:42:12', '2023-07-09 21:42:12'),
	(184, 'SR', 'Suriname', 'سورينام', 'Suriname', '597', '2023-07-09 21:42:12', '2023-07-09 21:42:12'),
	(185, 'SJ', 'Svalbard and Jan Mayen Islands', 'جزر سفالبارد وجان ماين', 'Svalbard and Jan Mayen Islands', '47', '2023-07-09 21:42:12', '2023-07-09 21:42:12'),
	(186, 'SZ', 'Swaziland', 'سوازيلاند', 'Swaziland', '268', '2023-07-09 21:42:12', '2023-07-09 21:42:12'),
	(187, 'SE', 'Sweden', 'السويد', 'Sweden', '46', '2023-07-09 21:42:12', '2023-07-09 21:42:12'),
	(188, 'CH', 'Switzerland', 'سويسرا', 'Switzerland', '41', '2023-07-09 21:42:12', '2023-07-09 21:42:12'),
	(189, 'SY', 'Syrian Arab Republic', 'سوريا', 'Syrian Arab Republic', '963', '2023-07-09 21:42:12', '2023-07-09 21:42:12'),
	(190, 'TW', 'Taiwan, Republic of China', 'تايوان، جمهورية الصين', 'Taiwan, Republic of China', '886', '2023-07-09 21:42:12', '2023-07-09 21:42:12'),
	(191, 'TJ', 'Tajikistan', 'طاجيكستان', 'Tajikistan', '992', '2023-07-09 21:42:12', '2023-07-09 21:42:12'),
	(192, 'TZ', 'Tanzania', 'تنزانيا', 'Tanzania', '255', '2023-07-09 21:42:12', '2023-07-09 21:42:12'),
	(193, 'TH', 'Thailand', 'تايلاند', 'Thailand', '66', '2023-07-09 21:42:12', '2023-07-09 21:42:12'),
	(194, 'TG', 'Togo', 'توغو', 'Togo', '228', '2023-07-09 21:42:12', '2023-07-09 21:42:12'),
	(195, 'TK', 'Tokelau', 'توكيلاو', 'Tokelau', '690', '2023-07-09 21:42:12', '2023-07-09 21:42:12'),
	(196, 'TO', 'Tonga', 'تونغا', 'Tonga', '676', '2023-07-09 21:42:12', '2023-07-09 21:42:12'),
	(197, 'TT', 'Trinidad and Tobago', 'ترينداد وتوباغو', 'Trinidad and Tobago', '1-868', '2023-07-09 21:42:12', '2023-07-09 21:42:12'),
	(198, 'TN', 'Tunisia', 'تونس', 'Tunisia', '216', '2023-07-09 21:42:12', '2023-07-09 21:42:12'),
	(199, 'TR', 'Turkey', 'تركيا', 'Turkey', '90', '2023-07-09 21:42:12', '2023-07-09 21:42:12'),
	(200, 'TM', 'Turkmenistan', 'تركمانستان', 'Turkmenistan', '993', '2023-07-09 21:42:12', '2023-07-09 21:42:12'),
	(201, 'TC', 'Turks and Caicos Islands', 'جزر تركس وكايكوس', 'Turks and Caicos Islands', '1-649', '2023-07-09 21:42:12', '2023-07-09 21:42:12'),
	(202, 'TV', 'Tuvalu', 'توفالو', 'Tuvalu', '688', '2023-07-09 21:42:12', '2023-07-09 21:42:12'),
	(203, 'UG', 'Uganda', 'أوغندا', 'Uganda', '256', '2023-07-09 21:42:12', '2023-07-09 21:42:12'),
	(204, 'UA', 'Ukraine', 'أوكرانيا', 'Ukraine', '380', '2023-07-09 21:42:12', '2023-07-09 21:42:12'),
	(205, 'AE', 'United Arab Emirates', 'الإمارات العربية المتحدة', 'United Arab Emirates', '971', '2023-07-09 21:42:12', '2023-07-09 21:42:12'),
	(206, 'GB', 'United Kingdom', 'المملكة المتحدة', 'United Kingdom', '44', '2023-07-09 21:42:12', '2023-07-09 21:42:12'),
	(207, 'US', 'United States of America', 'الولايات المتحدة الأمريكية', 'United States of America', '1', '2023-07-09 21:42:12', '2023-07-09 21:42:12'),
	(208, 'UY', 'Uruguay', 'أوروغواي', 'Uruguay', '598', '2023-07-09 21:42:12', '2023-07-09 21:42:12'),
	(209, 'UZ', 'Uzbekistan', 'أوزبكستان', 'Uzbekistan', '998', '2023-07-09 21:42:12', '2023-07-09 21:42:12'),
	(210, 'VU', 'Vanuatu', 'فانواتو', 'Vanuatu', '678', '2023-07-09 21:42:12', '2023-07-09 21:42:12'),
	(211, 'VE', 'Venezuela', 'فنزويلا', 'Venezuela', '58', '2023-07-09 21:42:12', '2023-07-09 21:42:12'),
	(212, 'VN', 'Viet Nam', 'فيتنام', 'Viet Nam', '84', '2023-07-09 21:42:12', '2023-07-09 21:42:12'),
	(213, 'WF', 'Wallis and Futuna Islands', 'واليس وفوتونا', 'Wallis and Futuna Islands', '681', '2023-07-09 21:42:12', '2023-07-09 21:42:12'),
	(214, 'YE', 'Yemen', 'اليمن', 'Yemen', '967', '2023-07-09 21:42:12', '2023-07-09 21:42:12'),
	(215, 'ZM', 'Zambia', 'زامبيا', 'Zambia', '260', '2023-07-09 21:42:12', '2023-07-09 21:42:12'),
	(216, 'ZW', 'Zimbabwe', 'زيمبابوي', 'Zimbabwe', '263', '2023-07-09 21:42:12', '2023-07-09 21:42:12');

-- Dumping data for table nine_housing.districts: ~0 rows (approximately)

-- Dumping data for table nine_housing.events: ~0 rows (approximately)

-- Dumping data for table nine_housing.failed_jobs: ~0 rows (approximately)

-- Dumping data for table nine_housing.languages: ~0 rows (approximately)
INSERT INTO `languages` (`id`, `title`, `code`, `direction`, `left`, `right`, `icon`, `box_status`, `status`, `created_by`, `updated_by`, `created_at`, `updated_at`) VALUES
	(2, 'English', 'en', 'ltr', 'left', 'right', 'us', 1, 1, 1, 0, '2023-07-09 21:42:11', '2023-07-09 21:42:11'),
	(3, 'Vietnam', 'vi', 'ltr', 'left', 'right', 'vn', 1, 1, 1, 0, '2023-07-09 21:42:11', '2023-07-09 21:42:11'),
	(4, 'Japan', 'jp', 'ltr', 'left', 'right', 'jp', 1, 1, 1, 0, '2023-07-09 21:42:11', '2023-07-09 21:42:11');

-- Dumping data for table nine_housing.maps: ~0 rows (approximately)

-- Dumping data for table nine_housing.menus: ~0 rows (approximately)
INSERT INTO `menus` (`id`, `row_no`, `father_id`, `title_vi`, `title_en`, `title_jp`, `status`, `type`, `cat_id`, `link`, `created_by`, `updated_by`, `created_at`, `updated_at`) VALUES
	(1, 1, 0, 'Menu Chính', 'Main Menu', 'Main Menu', 1, 0, 0, '', 1, NULL, '2023-07-09 21:42:12', '2023-07-09 21:42:12'),
	(2, 2, 0, 'Links Nhanh', 'Quick Links', 'Quick Links', 1, 0, 0, '', 1, NULL, '2023-07-09 21:42:12', '2023-07-09 21:42:12'),
	(3, 1, 1, 'Trang chủ', 'Home', 'Home', 1, 1, 0, 'home', 1, NULL, '2023-07-09 21:42:12', '2023-07-09 21:42:12'),
	(4, 2, 1, 'About', 'About', 'About', 1, 1, 0, 'topic/about', 1, NULL, '2023-07-09 21:42:12', '2023-07-09 21:42:12'),
	(5, 3, 1, 'Services', 'Services', 'Services', 1, 3, 2, '', 1, NULL, '2023-07-09 21:42:12', '2023-07-09 21:42:12'),
	(6, 4, 1, 'Hoạt động', 'Activity', 'Activity', 1, 2, 3, '', 1, NULL, '2023-07-09 21:42:12', '2023-07-09 21:42:12'),
	(7, 8, 1, 'Căn hộ', 'Apartment', 'Apartment', 1, 3, 8, '', 1, NULL, '2023-07-09 21:42:12', '2023-07-09 21:42:12'),
	(8, 9, 1, 'Blog', 'Blog', 'Blog', 1, 2, 7, '', 1, NULL, '2023-07-09 21:42:12', '2023-07-09 21:42:12'),
	(9, 10, 1, 'Liên hệ', 'Contact', 'Contact', 1, 1, 0, 'contact', 1, NULL, '2023-07-09 21:42:12', '2023-07-09 21:42:12'),
	(10, 1, 2, 'Home', 'Home', 'Trang chủ', 1, 1, 0, 'home', 1, NULL, '2023-07-09 21:42:12', '2023-07-09 21:42:12'),
	(11, 2, 2, 'About', 'About', 'About', 1, 1, 0, 'topic/about', 1, NULL, '2023-07-09 21:42:12', '2023-07-09 21:42:12'),
	(12, 3, 2, 'Blog', 'Blog', 'Blog', 1, 2, 7, '', 1, NULL, '2023-07-09 21:42:12', '2023-07-09 21:42:12'),
	(13, 4, 2, 'Privacy', 'Privacy', 'Privacy', 1, 1, 0, 'topic/privacy', 1, NULL, '2023-07-09 21:42:12', '2023-07-09 21:42:12'),
	(14, 5, 2, 'Terms & Conditions', 'Terms & Conditions', 'Terms & Conditions', 1, 1, 0, 'topic/terms', 1, NULL, '2023-07-09 21:42:12', '2023-07-09 21:42:12'),
	(15, 6, 2, 'Contact', 'Contact', 'Contact', 1, 1, 0, 'contact', 1, NULL, '2023-07-09 21:42:12', '2023-07-09 21:42:12');

-- Dumping data for table nine_housing.migrations: ~0 rows (approximately)
INSERT INTO `migrations` (`id`, `migration`, `batch`) VALUES
	(1, '2014_10_12_000000_create_users_table', 1),
	(2, '2014_10_12_100000_create_password_resets_table', 1),
	(3, '2014_10_12_200000_add_two_factor_columns_to_users_table', 1),
	(4, '2018_08_29_200844_create_languages_table', 1),
	(5, '2018_08_29_205156_create_translations_table', 1),
	(6, '2019_08_19_000000_create_failed_jobs_table', 1),
	(7, '2019_12_14_000001_create_personal_access_tokens_table', 1),
	(8, '2020_09_11_160850_create_sessions_table', 1),
	(9, '2020_09_11_190632_create_webmaster_settings_table', 1),
	(10, '2020_09_11_190633_create_webmaster_sections_table', 1),
	(11, '2020_09_11_190635_create_webmaster_banners_table', 1),
	(12, '2020_09_11_190637_create_webmails_groups_table', 1),
	(13, '2020_09_11_190638_create_webmails_files_table', 1),
	(14, '2020_09_11_190640_create_webmails_table', 1),
	(15, '2020_09_11_190641_create_topics_table', 1),
	(16, '2020_09_11_190643_create_settings_table', 1),
	(17, '2020_09_11_190645_create_sections_table', 1),
	(18, '2020_09_11_190647_create_photos_table', 1),
	(19, '2020_09_11_190648_create_permissions_table', 1),
	(20, '2020_09_11_190650_create_menus_table', 1),
	(21, '2020_09_11_190652_create_maps_table', 1),
	(22, '2020_09_11_190654_create_events_table', 1),
	(23, '2020_09_11_190656_create_countries_table', 1),
	(24, '2020_09_11_190657_create_contacts_groups_table', 1),
	(25, '2020_09_11_190659_create_contacts_table', 1),
	(26, '2020_09_11_190701_create_comments_table', 1),
	(27, '2020_09_11_190703_create_banners_table', 1),
	(28, '2020_09_11_190704_create_attach_files_table', 1),
	(29, '2020_09_11_190706_create_analytics_visitors_table', 1),
	(30, '2020_09_11_190708_create_analytics_pages_table', 1),
	(31, '2020_09_11_190912_create_related_topics_table', 1),
	(32, '2020_09_11_190914_create_topic_categories_table', 1),
	(33, '2020_09_11_190916_create_topic_fields_table', 1),
	(34, '2020_09_11_190917_create_webmaster_section_fields_table', 1),
	(35, '2023_02_26_073237_create_table_cities', 1),
	(36, '2023_02_26_073248_create_table_districts', 1);

-- Dumping data for table nine_housing.password_resets: ~0 rows (approximately)

-- Dumping data for table nine_housing.permissions: ~0 rows (approximately)
INSERT INTO `permissions` (`id`, `name`, `view_status`, `add_status`, `edit_status`, `delete_status`, `active_status`, `analytics_status`, `inbox_status`, `newsletter_status`, `calendar_status`, `banners_status`, `settings_status`, `webmaster_status`, `data_sections`, `home_status`, `home_links`, `home_details_jp`, `home_details_en`, `home_details_vi`, `status`, `created_by`, `updated_by`, `created_at`, `updated_at`) VALUES
	(1, 'Webmaster', 0, 1, 1, 1, 1, 1, 1, 1, 1, 1, 1, 1, '1,2,3,4,5,6,7,8,9', 0, NULL, NULL, NULL, NULL, 1, 1, NULL, '2023-07-09 21:42:11', '2023-07-09 21:42:11'),
	(2, 'Website Manager', 0, 1, 1, 1, 1, 1, 1, 1, 1, 1, 1, 0, '1,2,3,4,5,6,7,8,9', 0, NULL, NULL, NULL, NULL, 1, 1, NULL, '2023-07-09 21:42:11', '2023-07-09 21:42:11'),
	(3, 'Limited User', 1, 1, 1, 0, 0, 0, 0, 0, 1, 1, 0, 0, '1,2,3,4,5,6,7,8,9', 0, NULL, NULL, NULL, NULL, 1, 1, NULL, '2023-07-09 21:42:11', '2023-07-09 21:42:11');

-- Dumping data for table nine_housing.personal_access_tokens: ~0 rows (approximately)

-- Dumping data for table nine_housing.photos: ~0 rows (approximately)
INSERT INTO `photos` (`id`, `topic_id`, `file`, `title`, `row_no`, `created_by`, `updated_by`, `created_at`, `updated_at`) VALUES
	(77, 7, 'DSCF2730.jpg', 'DSCF2730.jpg', 1, 2, NULL, '2023-07-10 02:01:24', '2023-07-10 02:01:24'),
	(78, 7, 'DSCF2731.jpg', 'DSCF2731.jpg', 1, 2, NULL, '2023-07-10 02:01:25', '2023-07-10 02:01:25'),
	(79, 7, 'DSCF2733.jpg', 'DSCF2733.jpg', 1, 2, NULL, '2023-07-10 02:01:25', '2023-07-10 02:01:25'),
	(80, 7, 'DSCF2735.jpg', 'DSCF2735.jpg', 1, 2, NULL, '2023-07-10 02:01:25', '2023-07-10 02:01:25'),
	(81, 7, 'DSCF2737.jpg', 'DSCF2737.jpg', 1, 2, NULL, '2023-07-10 02:01:25', '2023-07-10 02:01:25'),
	(82, 7, 'DSCF2739.jpg', 'DSCF2739.jpg', 1, 2, NULL, '2023-07-10 02:01:25', '2023-07-10 02:01:25'),
	(83, 7, 'DSCF2740.jpg', 'DSCF2740.jpg', 1, 2, NULL, '2023-07-10 02:01:25', '2023-07-10 02:01:25'),
	(84, 7, 'DSCF2751.jpg', 'DSCF2751.jpg', 1, 2, NULL, '2023-07-10 02:01:25', '2023-07-10 02:01:25'),
	(85, 7, 'DSCF2752.jpg', 'DSCF2752.jpg', 1, 2, NULL, '2023-07-10 02:01:25', '2023-07-10 02:01:25'),
	(86, 7, 'DSCF2757.jpg', 'DSCF2757.jpg', 1, 2, NULL, '2023-07-10 02:01:25', '2023-07-10 02:01:25'),
	(87, 7, 'DSCF2760.jpg', 'DSCF2760.jpg', 1, 2, NULL, '2023-07-10 02:01:26', '2023-07-10 02:01:26'),
	(88, 7, 'DSCF2762.jpg', 'DSCF2762.jpg', 1, 2, NULL, '2023-07-10 02:01:26', '2023-07-10 02:01:26'),
	(89, 7, 'DSCF2771.jpg', 'DSCF2771.jpg', 1, 2, NULL, '2023-07-10 02:01:26', '2023-07-10 02:01:26'),
	(90, 7, 'DSCF2772.jpg', 'DSCF2772.jpg', 1, 2, NULL, '2023-07-10 02:01:26', '2023-07-10 02:01:26'),
	(91, 7, 'DSCF2774.jpg', 'DSCF2774.jpg', 1, 2, NULL, '2023-07-10 02:01:26', '2023-07-10 02:01:26'),
	(92, 10, 'DSCF2732.jpg', 'DSCF2732.jpg', 1, 2, NULL, '2023-07-10 02:02:01', '2023-07-10 02:02:01'),
	(93, 10, 'DSCF2748.jpg', 'DSCF2748.jpg', 1, 2, NULL, '2023-07-10 02:02:01', '2023-07-10 02:02:01'),
	(94, 10, 'DSCF2749.jpg', 'DSCF2749.jpg', 1, 2, NULL, '2023-07-10 02:02:01', '2023-07-10 02:02:01'),
	(95, 10, 'DSCF2792.jpg', 'DSCF2792.jpg', 1, 2, NULL, '2023-07-10 02:02:01', '2023-07-10 02:02:01'),
	(96, 10, 'DSCF2794.jpg', 'DSCF2794.jpg', 1, 2, NULL, '2023-07-10 02:02:01', '2023-07-10 02:02:01'),
	(97, 10, 'DSCF2824.jpg', 'DSCF2824.jpg', 1, 2, NULL, '2023-07-10 02:02:01', '2023-07-10 02:02:01'),
	(98, 10, 'DSCF2826.jpg', 'DSCF2826.jpg', 1, 2, NULL, '2023-07-10 02:02:02', '2023-07-10 02:02:02'),
	(99, 10, 'DSCF2831.jpg', 'DSCF2831.jpg', 1, 2, NULL, '2023-07-10 02:02:02', '2023-07-10 02:02:02'),
	(100, 10, 'DSCF2832.jpg', 'DSCF2832.jpg', 1, 2, NULL, '2023-07-10 02:02:02', '2023-07-10 02:02:02'),
	(101, 10, 'DSCF2833.jpg', 'DSCF2833.jpg', 1, 2, NULL, '2023-07-10 02:02:02', '2023-07-10 02:02:02'),
	(102, 10, 'DSCF2838.jpg', 'DSCF2838.jpg', 1, 2, NULL, '2023-07-10 02:02:02', '2023-07-10 02:02:02'),
	(103, 10, 'DSCF2839.jpg', 'DSCF2839.jpg', 1, 2, NULL, '2023-07-10 02:02:02', '2023-07-10 02:02:02'),
	(104, 10, 'DSCF2841.jpg', 'DSCF2841.jpg', 1, 2, NULL, '2023-07-10 02:02:02', '2023-07-10 02:02:02'),
	(105, 10, 'DSCF2844.jpg', 'DSCF2844.jpg', 1, 2, NULL, '2023-07-10 02:02:02', '2023-07-10 02:02:02'),
	(106, 10, 'DSCF2845.jpg', 'DSCF2845.jpg', 1, 2, NULL, '2023-07-10 02:02:03', '2023-07-10 02:02:03'),
	(107, 11, 'DSCF2732.jpg', 'DSCF2732.jpg', 1, 2, NULL, '2023-07-10 02:04:10', '2023-07-10 02:04:10'),
	(108, 11, 'DSCF2748.jpg', 'DSCF2748.jpg', 1, 2, NULL, '2023-07-10 02:04:10', '2023-07-10 02:04:10'),
	(109, 11, 'DSCF2749.jpg', 'DSCF2749.jpg', 1, 2, NULL, '2023-07-10 02:04:10', '2023-07-10 02:04:10'),
	(110, 11, 'DSCF2792.jpg', 'DSCF2792.jpg', 1, 2, NULL, '2023-07-10 02:04:10', '2023-07-10 02:04:10'),
	(111, 11, 'DSCF2794.jpg', 'DSCF2794.jpg', 1, 2, NULL, '2023-07-10 02:04:10', '2023-07-10 02:04:10'),
	(112, 11, 'DSCF2824.jpg', 'DSCF2824.jpg', 1, 2, NULL, '2023-07-10 02:04:11', '2023-07-10 02:04:11'),
	(113, 11, 'DSCF2826.jpg', 'DSCF2826.jpg', 1, 2, NULL, '2023-07-10 02:04:11', '2023-07-10 02:04:11'),
	(114, 11, 'DSCF2831.jpg', 'DSCF2831.jpg', 1, 2, NULL, '2023-07-10 02:04:11', '2023-07-10 02:04:11'),
	(115, 11, 'DSCF2832.jpg', 'DSCF2832.jpg', 1, 2, NULL, '2023-07-10 02:04:11', '2023-07-10 02:04:11'),
	(116, 11, 'DSCF2833.jpg', 'DSCF2833.jpg', 1, 2, NULL, '2023-07-10 02:04:11', '2023-07-10 02:04:11'),
	(117, 11, 'DSCF2838.jpg', 'DSCF2838.jpg', 1, 2, NULL, '2023-07-10 02:04:11', '2023-07-10 02:04:11'),
	(118, 11, 'DSCF2839.jpg', 'DSCF2839.jpg', 1, 2, NULL, '2023-07-10 02:04:11', '2023-07-10 02:04:11'),
	(119, 11, 'DSCF2841.jpg', 'DSCF2841.jpg', 1, 2, NULL, '2023-07-10 02:04:11', '2023-07-10 02:04:11'),
	(120, 11, 'DSCF2844.jpg', 'DSCF2844.jpg', 1, 2, NULL, '2023-07-10 02:04:12', '2023-07-10 02:04:12'),
	(121, 11, 'DSCF2845.jpg', 'DSCF2845.jpg', 1, 2, NULL, '2023-07-10 02:04:12', '2023-07-10 02:04:12'),
	(122, 12, 'DSCF2730.jpg', 'DSCF2730.jpg', 1, 2, NULL, '2023-07-10 02:04:43', '2023-07-10 02:04:43'),
	(123, 12, 'DSCF2731.jpg', 'DSCF2731.jpg', 1, 2, NULL, '2023-07-10 02:04:43', '2023-07-10 02:04:43'),
	(124, 12, 'DSCF2733.jpg', 'DSCF2733.jpg', 1, 2, NULL, '2023-07-10 02:04:43', '2023-07-10 02:04:43'),
	(125, 12, 'DSCF2735.jpg', 'DSCF2735.jpg', 1, 2, NULL, '2023-07-10 02:04:44', '2023-07-10 02:04:44'),
	(126, 12, 'DSCF2737.jpg', 'DSCF2737.jpg', 1, 2, NULL, '2023-07-10 02:04:44', '2023-07-10 02:04:44'),
	(127, 12, 'DSCF2739.jpg', 'DSCF2739.jpg', 1, 2, NULL, '2023-07-10 02:04:44', '2023-07-10 02:04:44'),
	(128, 12, 'DSCF2740.jpg', 'DSCF2740.jpg', 1, 2, NULL, '2023-07-10 02:04:44', '2023-07-10 02:04:44'),
	(129, 12, 'DSCF2751.jpg', 'DSCF2751.jpg', 1, 2, NULL, '2023-07-10 02:04:44', '2023-07-10 02:04:44'),
	(130, 12, 'DSCF2752.jpg', 'DSCF2752.jpg', 1, 2, NULL, '2023-07-10 02:04:44', '2023-07-10 02:04:44'),
	(131, 12, 'DSCF2757.jpg', 'DSCF2757.jpg', 1, 2, NULL, '2023-07-10 02:04:44', '2023-07-10 02:04:44'),
	(132, 12, 'DSCF2760.jpg', 'DSCF2760.jpg', 1, 2, NULL, '2023-07-10 02:04:44', '2023-07-10 02:04:44'),
	(133, 12, 'DSCF2762.jpg', 'DSCF2762.jpg', 1, 2, NULL, '2023-07-10 02:04:45', '2023-07-10 02:04:45'),
	(134, 12, 'DSCF2771.jpg', 'DSCF2771.jpg', 1, 2, NULL, '2023-07-10 02:04:45', '2023-07-10 02:04:45'),
	(135, 12, 'DSCF2772.jpg', 'DSCF2772.jpg', 1, 2, NULL, '2023-07-10 02:04:45', '2023-07-10 02:04:45'),
	(136, 12, 'DSCF2774.jpg', 'DSCF2774.jpg', 1, 2, NULL, '2023-07-10 02:04:45', '2023-07-10 02:04:45'),
	(137, 13, 'DSCF2732.jpg', 'DSCF2732.jpg', 1, 2, NULL, '2023-07-10 02:05:09', '2023-07-10 02:05:09'),
	(138, 13, 'DSCF2748.jpg', 'DSCF2748.jpg', 1, 2, NULL, '2023-07-10 02:05:09', '2023-07-10 02:05:09'),
	(139, 13, 'DSCF2749.jpg', 'DSCF2749.jpg', 1, 2, NULL, '2023-07-10 02:05:09', '2023-07-10 02:05:09'),
	(140, 13, 'DSCF2792.jpg', 'DSCF2792.jpg', 1, 2, NULL, '2023-07-10 02:05:10', '2023-07-10 02:05:10'),
	(141, 13, 'DSCF2794.jpg', 'DSCF2794.jpg', 1, 2, NULL, '2023-07-10 02:05:10', '2023-07-10 02:05:10'),
	(142, 13, 'DSCF2824.jpg', 'DSCF2824.jpg', 1, 2, NULL, '2023-07-10 02:05:10', '2023-07-10 02:05:10'),
	(143, 13, 'DSCF2826.jpg', 'DSCF2826.jpg', 1, 2, NULL, '2023-07-10 02:05:10', '2023-07-10 02:05:10'),
	(144, 13, 'DSCF2831.jpg', 'DSCF2831.jpg', 1, 2, NULL, '2023-07-10 02:05:10', '2023-07-10 02:05:10'),
	(145, 13, 'DSCF2832.jpg', 'DSCF2832.jpg', 1, 2, NULL, '2023-07-10 02:05:10', '2023-07-10 02:05:10'),
	(146, 13, 'DSCF2833.jpg', 'DSCF2833.jpg', 1, 2, NULL, '2023-07-10 02:05:10', '2023-07-10 02:05:10'),
	(147, 13, 'DSCF2838.jpg', 'DSCF2838.jpg', 1, 2, NULL, '2023-07-10 02:05:10', '2023-07-10 02:05:10'),
	(148, 13, 'DSCF2839.jpg', 'DSCF2839.jpg', 1, 2, NULL, '2023-07-10 02:05:11', '2023-07-10 02:05:11'),
	(149, 13, 'DSCF2841.jpg', 'DSCF2841.jpg', 1, 2, NULL, '2023-07-10 02:05:11', '2023-07-10 02:05:11'),
	(150, 13, 'DSCF2844.jpg', 'DSCF2844.jpg', 1, 2, NULL, '2023-07-10 02:05:11', '2023-07-10 02:05:11'),
	(151, 13, 'DSCF2845.jpg', 'DSCF2845.jpg', 1, 2, NULL, '2023-07-10 02:05:11', '2023-07-10 02:05:11');

-- Dumping data for table nine_housing.related_topics: ~0 rows (approximately)

-- Dumping data for table nine_housing.sections: ~0 rows (approximately)
INSERT INTO `sections` (`id`, `title_en`, `title_vi`, `title_jp`, `photo`, `icon`, `status`, `visits`, `webmaster_id`, `father_id`, `row_no`, `seo_title_jp`, `seo_title_en`, `seo_title_vi`, `seo_description_jp`, `seo_description_en`, `seo_description_vi`, `seo_keywords_vi`, `seo_keywords_en`, `seo_keywords_jp`, `seo_url_slug_jp`, `seo_url_slug_en`, `seo_url_slug_vi`, `created_by`, `updated_by`, `created_at`, `updated_at`) VALUES
	(1, 'Property Type', 'Loại Tài Sản', 'Property Type', NULL, NULL, 1, 0, 5, 0, 1, 'Property Type', 'Property Type', 'Property Type', NULL, NULL, NULL, NULL, NULL, NULL, 'property-type', 'property-type', 'property-type', 1, NULL, '2023-07-09 23:18:24', '2023-07-09 23:18:24'),
	(2, 'General Amenities', 'Tiện Nghi Chung', 'General Amenities', NULL, NULL, 1, 0, 5, 0, 2, 'General Amenities', 'General Amenities', 'General Amenities', NULL, NULL, NULL, NULL, NULL, NULL, 'general-amenities', 'general-amenities', 'general-amenities', 1, NULL, '2023-07-09 23:18:24', '2023-07-09 23:18:24'),
	(3, 'Outdoor Facilities', 'Tiện Nghi Ngoài Trời', 'Outdoor Facilities', NULL, NULL, 1, 0, 5, 0, 3, 'Outdoor Facilities', 'Outdoor Facilities', 'Outdoor Facilities', NULL, NULL, NULL, NULL, NULL, NULL, 'outdoor-facilities', 'outdoor-facilities', 'outdoor-facilities', 1, NULL, '2023-07-09 23:18:24', '2023-07-09 23:18:24'),
	(9, 'Studio', 'Studio', 'Studio', NULL, NULL, 1, 0, 5, 1, 1, 'Studio', 'Studio', 'Studio', NULL, NULL, NULL, NULL, NULL, NULL, 'studio', 'studio', 'studio', 2, NULL, '2023-07-09 23:21:00', '2023-07-09 23:21:00'),
	(10, '1N1K', '1N1K', '1N1K', NULL, NULL, 1, 0, 5, 1, 2, '1N1K', '1N1K', '1N1K', NULL, NULL, NULL, NULL, NULL, NULL, '1n1k', '1n1k', '1n1k', 2, NULL, '2023-07-09 23:21:13', '2023-07-09 23:21:13'),
	(11, '2N1K', '2N1K', '2N1K', NULL, NULL, 1, 0, 5, 1, 3, '2N1K', '2N1K', '2N1K', NULL, NULL, NULL, NULL, NULL, NULL, '2n1k', '2n1k', '2n1k', 2, NULL, '2023-07-09 23:21:20', '2023-07-09 23:21:20'),
	(12, 'Lối đi chung', 'Lối đi chung', 'Lối đi chung', NULL, NULL, 1, 0, 5, 1, 4, 'Lối đi chung', 'Lối đi chung', 'Lối đi chung', NULL, NULL, NULL, NULL, NULL, NULL, 'loi-di-chung', 'loi-di-chung', 'loi-di-chung', 2, NULL, '2023-07-09 23:58:36', '2023-07-09 23:58:36');

-- Dumping data for table nine_housing.sessions: ~0 rows (approximately)

-- Dumping data for table nine_housing.settings: ~0 rows (approximately)
INSERT INTO `settings` (`id`, `site_title_jp`, `site_title_en`, `site_title_vi`, `site_desc_en`, `site_desc_vi`, `site_desc_jp`, `site_keywords_en`, `site_keywords_jp`, `site_keywords_vi`, `site_webmails`, `notify_messages_status`, `notify_comments_status`, `notify_orders_status`, `notify_table_status`, `notify_private_status`, `site_url`, `google_map`, `fb_page`, `site_status`, `close_msg`, `social_link1`, `social_link2`, `social_link3`, `social_link4`, `social_link5`, `social_link6`, `social_link7`, `social_link8`, `social_link9`, `social_link10`, `contact_t1_jp`, `contact_t1_en`, `contact_t1_vi`, `contact_t3`, `contact_t4`, `contact_t5`, `contact_t6`, `contact_t7_vi`, `contact_t7_en`, `contact_t7_jp`, `style_logo_jp`, `style_logo_en`, `style_logo_vi`, `style_fav`, `style_apple`, `style_color1`, `style_color2`, `style_type`, `style_bg_type`, `style_bg_pattern`, `style_bg_color`, `style_bg_image`, `style_subscribe`, `style_footer`, `style_header`, `style_footer_bg`, `style_preload`, `css`, `created_by`, `updated_by`, `created_at`, `updated_at`) VALUES
	(1, 'Site Title', 'Site Title', 'Tiêu đề  Trang', 'Website description and some little information about it', 'Website description and some little information about it', 'Website description and some little information about it', 'key, words, website, web', 'key, words, website, web', 'key, words, website, web', 'info@sitename.com', 1, 1, 1, NULL, NULL, 'http://www.sitename.com/', 'http://www.sitename.com/', 'http://www.sitename.com/', 1, 'Website under maintenance \n<h1>Comming SOON</h1>', '#', '#', '#', '#', '#', '#', '#', '#', '#', '#', 'Building, Street name, City, Country', 'Building, Street name, City, Country', 'Building, Street name, City, Country', '+(xxx) 0xxxxxxx', '+(xxx) 0xxxxxxx', '+(xxx) 0xxxxxxx', 'info@sitename.com', 'Sunday to Thursday 08:00 AM to 05:00 PM', 'Sunday to Thursday 08:00 AM to 05:00 PM', 'Sunday to Thursday 08:00 AM to 05:00 PM', NULL, NULL, NULL, NULL, NULL, '#0cbaa4', '#2e3e4e', 0, 0, NULL, NULL, NULL, 1, 1, 0, NULL, 0, NULL, 1, NULL, '2023-07-09 21:42:11', '2023-07-09 21:42:11');

-- Dumping data for table nine_housing.topics: ~0 rows (approximately)
INSERT INTO `topics` (`id`, `title_vi`, `title_en`, `title_jp`, `details_vi`, `details_jp`, `details_en`, `date`, `expire_date`, `video_type`, `photo_file`, `attach_file`, `video_file`, `audio_file`, `icon`, `status`, `visits`, `webmaster_id`, `section_id`, `row_no`, `form_id`, `topic_id`, `seo_title_jp`, `seo_title_en`, `seo_title_vi`, `seo_description_jp`, `seo_description_en`, `seo_description_vi`, `seo_keywords_jp`, `seo_keywords_en`, `seo_keywords_vi`, `seo_url_slug_vi`, `seo_url_slug_en`, `seo_url_slug_jp`, `created_by`, `updated_by`, `created_at`, `updated_at`) VALUES
	(1, 'About Us', 'About Us', 'About Us', 'It is a long established fact that a reader will be distracted by the readable content of a page.', 'It is a long established fact that a reader will be distracted by the readable content of a page.', 'It is a long established fact that a reader will be distracted by the readable content of a page.', '2023-07-10', NULL, NULL, NULL, NULL, NULL, NULL, NULL, 1, 0, 1, 0, 1, NULL, NULL, NULL, NULL, NULL, NULL, NULL, NULL, NULL, NULL, NULL, NULL, NULL, NULL, 1, NULL, '2023-07-09 21:42:12', '2023-07-09 21:42:12'),
	(2, 'Contact Us', 'Contact Us', 'Contact Us', 'It is a long established fact that a reader will be distracted by the readable content of a page.', 'It is a long established fact that a reader will be distracted by the readable content of a page.', 'It is a long established fact that a reader will be distracted by the readable content of a page.', '2023-07-10', NULL, NULL, NULL, NULL, NULL, NULL, NULL, 1, 0, 1, 0, 2, NULL, NULL, NULL, NULL, NULL, NULL, NULL, NULL, NULL, NULL, NULL, NULL, NULL, NULL, 1, NULL, '2023-07-09 21:42:12', '2023-07-09 21:42:12'),
	(3, 'Privacy', 'Privacy', 'Privacy', 'It is a long established fact that a reader will be distracted by the readable content of a page.', 'It is a long established fact that a reader will be distracted by the readable content of a page.', 'It is a long established fact that a reader will be distracted by the readable content of a page.', '2023-07-10', NULL, NULL, NULL, NULL, NULL, NULL, NULL, 1, 0, 1, 0, 3, NULL, NULL, NULL, NULL, NULL, NULL, NULL, NULL, NULL, NULL, NULL, NULL, NULL, NULL, 1, NULL, '2023-07-09 21:42:12', '2023-07-09 21:42:12'),
	(4, 'Terms & Conditions', 'Terms & Conditions', 'Terms & Conditions', 'It is a long established fact that a reader will be distracted by the readable content of a page.', 'It is a long established fact that a reader will be distracted by the readable content of a page.', 'It is a long established fact that a reader will be distracted by the readable content of a page.', '2023-07-10', NULL, NULL, NULL, NULL, NULL, NULL, NULL, 1, 0, 1, 0, 4, NULL, NULL, NULL, NULL, NULL, NULL, NULL, NULL, NULL, NULL, NULL, NULL, NULL, NULL, 1, NULL, '2023-07-09 21:42:12', '2023-07-09 21:42:12'),
	(5, 'Why Choose Us', 'Why Choose Us', 'Why Choose Us', 'It is a long established fact that a reader will be distracted by the readable content of a page.', 'It is a long established fact that a reader will be distracted by the readable content of a page.', 'It is a long established fact that a reader will be distracted by the readable content of a page.', '2023-07-10', NULL, NULL, NULL, NULL, NULL, NULL, NULL, 1, 0, 1, 0, 5, NULL, NULL, NULL, NULL, NULL, NULL, NULL, NULL, NULL, NULL, NULL, NULL, NULL, NULL, 1, NULL, '2023-07-09 21:42:12', '2023-07-09 21:42:12'),
	(6, 'Interactive Map', 'Interactive Map', 'Interactive Map', 'It is a long established fact that a reader will be distracted by the readable content of a page.', 'It is a long established fact that a reader will be distracted by the readable content of a page.', 'It is a long established fact that a reader will be distracted by the readable content of a page.', '2023-07-10', NULL, NULL, NULL, NULL, NULL, NULL, NULL, 1, 0, 1, 0, 5, NULL, NULL, NULL, NULL, NULL, NULL, NULL, NULL, NULL, NULL, NULL, NULL, NULL, NULL, 1, NULL, '2023-07-09 21:42:12', '2023-07-09 21:42:12'),
	(7, 'Phòng  201', 'Phòng  201', 'Phòng  201', '<div dir="ltr">&nbsp;Full đồ nội thất (giường,tủ,tủ lạnh,đồ bếp, m&aacute;y giặt sấy, bồn tắm nằm, hầm để xe, &ocirc; t&ocirc; đỗ cửa, c&aacute;ch hồ ngọc kh&aacute;nh 20m, đằng sau trường RMIT)&nbsp;&nbsp; &nbsp;</div>', '<div dir="ltr">&nbsp;Full đồ nội thất (giường,tủ,tủ lạnh,đồ bếp, m&aacute;y giặt sấy, bồn tắm nằm, hầm để xe, &ocirc; t&ocirc; đỗ cửa, c&aacute;ch hồ ngọc kh&aacute;nh 20m, đằng sau trường RMIT)&nbsp;&nbsp; &nbsp;</div>', '<div dir="ltr">&nbsp;Full đồ nội thất (giường,tủ,tủ lạnh,đồ bếp, m&aacute;y giặt sấy, bồn tắm nằm, hầm để xe, &ocirc; t&ocirc; đỗ cửa, c&aacute;ch hồ ngọc kh&aacute;nh 20m, đằng sau trường RMIT)&nbsp;&nbsp; &nbsp;</div>', '2023-07-10', NULL, NULL, '16889796957266.jpg', NULL, NULL, NULL, NULL, 1, 1, 5, 0, 1, NULL, NULL, 'Phòng  201', 'Phòng  201', 'Phòng  201', '&nbsp;Full đồ nội thất (giường,tủ,tủ lạnh,đồ bếp, m&aacute;y giặt sấy, bồn tắm nằm, hầm để xe, &ocirc; t&ocirc; đỗ cửa, c&aacute;ch hồ ngọc kh&aacute;nh 20m, đằng sa', '&nbsp;Full đồ nội thất (giường,tủ,tủ lạnh,đồ bếp, m&aacute;y giặt sấy, bồn tắm nằm, hầm để xe, &ocirc; t&ocirc; đỗ cửa, c&aacute;ch hồ ngọc kh&aacute;nh 20m, đằng sa', '&nbsp;Full đồ nội thất (giường,tủ,tủ lạnh,đồ bếp, m&aacute;y giặt sấy, bồn tắm nằm, hầm để xe, &ocirc; t&ocirc; đỗ cửa, c&aacute;ch hồ ngọc kh&aacute;nh 20m, đằng sa', NULL, NULL, NULL, 'phong-201', 'phong-201', 'phong-201', 2, 2, '2023-07-09 23:25:15', '2023-07-10 02:01:35'),
	(10, 'Phòng 402', 'Phòng 402', 'Phòng 402', '<p>T&ograve;a nh&agrave; a10/ng&aacute;ch 19/ng&otilde; 535 Kim M&atilde;. Full đồ nội thất (giường,tủ,tủ lạnh,đồ bếp, m&aacute;y giặt sấy, bồn tắm nằm, hầm để xe, &ocirc; t&ocirc; đỗ cửa, c&aacute;ch hồ ngọc kh&aacute;nh 20m, đằng sau trường RMIT)</p>\r\n\r\n<p>GI&Aacute; Đ&Atilde; BAO GỒM (Dọn ph&ograve;ng v&agrave; giặt đồ 2 lần/tuần,nước sinh hoạt, vệ sinh chung, wifi, điện nước m&aacute;y giặt chung, bảo tr&igrave; thang m&aacute;y, bảo vệ 24/24, gửi 1 xe m&aacute;y).Chưa bao gồm VAT, Tiền điện 3.900đ/1 số,. KH&Ocirc;NG NU&Ocirc;I ĐỘNG VẬT. B&igrave;nh n&oacute;ng lạnh 80L</p>', '<p>T&ograve;a nh&agrave; a10/ng&aacute;ch 19/ng&otilde; 535 Kim M&atilde;. Full đồ nội thất (giường,tủ,tủ lạnh,đồ bếp, m&aacute;y giặt sấy, bồn tắm nằm, hầm để xe, &ocirc; t&ocirc; đỗ cửa, c&aacute;ch hồ ngọc kh&aacute;nh 20m, đằng sau trường RMIT)</p>\r\n\r\n<p>GI&Aacute; Đ&Atilde; BAO GỒM (Dọn ph&ograve;ng v&agrave; giặt đồ 2 lần/tuần,nước sinh hoạt, vệ sinh chung, wifi, điện nước m&aacute;y giặt chung, bảo tr&igrave; thang m&aacute;y, bảo vệ 24/24, gửi 1 xe m&aacute;y).Chưa bao gồm VAT, Tiền điện 3.900đ/1 số,. KH&Ocirc;NG NU&Ocirc;I ĐỘNG VẬT. B&igrave;nh n&oacute;ng lạnh 80L</p>', '<p>T&ograve;a nh&agrave; a10/ng&aacute;ch 19/ng&otilde; 535 Kim M&atilde;. Full đồ nội thất (giường,tủ,tủ lạnh,đồ bếp, m&aacute;y giặt sấy, bồn tắm nằm, hầm để xe, &ocirc; t&ocirc; đỗ cửa, c&aacute;ch hồ ngọc kh&aacute;nh 20m, đằng sau trường RMIT)</p>\r\n\r\n<p>GI&Aacute; Đ&Atilde; BAO GỒM (Dọn ph&ograve;ng v&agrave; giặt đồ 2 lần/tuần,nước sinh hoạt, vệ sinh chung, wifi, điện nước m&aacute;y giặt chung, bảo tr&igrave; thang m&aacute;y, bảo vệ 24/24, gửi 1 xe m&aacute;y).Chưa bao gồm VAT, Tiền điện 3.900đ/1 số,. KH&Ocirc;NG NU&Ocirc;I ĐỘNG VẬT. B&igrave;nh n&oacute;ng lạnh 80L</p>', '2023-07-10', NULL, NULL, '16889797325808.jpg', NULL, NULL, NULL, NULL, 1, 1, 5, 0, 0, NULL, NULL, 'Phòng 402', 'Phòng 402', 'Phòng 402', 'Tòa nhà a10/ngách 19/ngõ 535 Kim Mã. Full đồ nội thất (giường,tủ,tủ lạnh,đồ bếp, máy giặt sấy, bồn tắm nằm, hầm để xe, ô tô đỗ cửa, cách hồ ngọc khánh 20m, đằng sau ', 'Tòa nhà a10/ngách 19/ngõ 535 Kim Mã. Full đồ nội thất (giường,tủ,tủ lạnh,đồ bếp, máy giặt sấy, bồn tắm nằm, hầm để xe, ô tô đỗ cửa, cách hồ ngọc khánh 20m, đằng sau ', 'Tòa nhà a10/ngách 19/ngõ 535 Kim Mã. Full đồ nội thất (giường,tủ,tủ lạnh,đồ bếp, máy giặt sấy, bồn tắm nằm, hầm để xe, ô tô đỗ cửa, cách hồ ngọc khánh 20m, đằng sau ', NULL, NULL, NULL, 'phong-402', 'phong-402', 'phong-402', 2, 2, '2023-07-09 23:44:41', '2023-07-10 02:02:12'),
	(11, 'Phòng 501', 'Phòng 501', 'Phòng 501', '<p>T&ograve;a nh&agrave; a10/ng&aacute;ch 19/ng&otilde; 535 Kim M&atilde;. Full đồ nội thất (giường,tủ,tủ lạnh,đồ bếp, m&aacute;y giặt sấy, bồn tắm nằm, hầm để xe, &ocirc; t&ocirc; đỗ cửa, c&aacute;ch hồ ngọc kh&aacute;nh 20m, đằng sau trường RMIT)</p>\r\n\r\n<p>GI&Aacute; Đ&Atilde; BAO GỒM (Dọn ph&ograve;ng v&agrave; giặt đồ 2 lần/tuần,nước sinh hoạt, vệ sinh chung, wifi, điện nước m&aacute;y giặt chung, bảo tr&igrave; thang m&aacute;y, bảo vệ 24/24, gửi 1 xe m&aacute;y).Chưa bao gồm VAT, Tiền điện 3.900đ/1 số,. KH&Ocirc;NG NU&Ocirc;I ĐỘNG VẬT. B&igrave;nh n&oacute;ng lạnh 80L</p>', '<p>T&ograve;a nh&agrave; a10/ng&aacute;ch 19/ng&otilde; 535 Kim M&atilde;. Full đồ nội thất (giường,tủ,tủ lạnh,đồ bếp, m&aacute;y giặt sấy, bồn tắm nằm, hầm để xe, &ocirc; t&ocirc; đỗ cửa, c&aacute;ch hồ ngọc kh&aacute;nh 20m, đằng sau trường RMIT)</p>\r\n\r\n<p>GI&Aacute; Đ&Atilde; BAO GỒM (Dọn ph&ograve;ng v&agrave; giặt đồ 2 lần/tuần,nước sinh hoạt, vệ sinh chung, wifi, điện nước m&aacute;y giặt chung, bảo tr&igrave; thang m&aacute;y, bảo vệ 24/24, gửi 1 xe m&aacute;y).Chưa bao gồm VAT, Tiền điện 3.900đ/1 số,. KH&Ocirc;NG NU&Ocirc;I ĐỘNG VẬT. B&igrave;nh n&oacute;ng lạnh 80L</p>', '<p>T&ograve;a nh&agrave; a10/ng&aacute;ch 19/ng&otilde; 535 Kim M&atilde;. Full đồ nội thất (giường,tủ,tủ lạnh,đồ bếp, m&aacute;y giặt sấy, bồn tắm nằm, hầm để xe, &ocirc; t&ocirc; đỗ cửa, c&aacute;ch hồ ngọc kh&aacute;nh 20m, đằng sau trường RMIT)</p>\r\n\r\n<p>GI&Aacute; Đ&Atilde; BAO GỒM (Dọn ph&ograve;ng v&agrave; giặt đồ 2 lần/tuần,nước sinh hoạt, vệ sinh chung, wifi, điện nước m&aacute;y giặt chung, bảo tr&igrave; thang m&aacute;y, bảo vệ 24/24, gửi 1 xe m&aacute;y).Chưa bao gồm VAT, Tiền điện 3.900đ/1 số,. KH&Ocirc;NG NU&Ocirc;I ĐỘNG VẬT. B&igrave;nh n&oacute;ng lạnh 80L</p>', '2023-07-10', NULL, NULL, '16889798587149.jpg', NULL, NULL, NULL, NULL, 1, 0, 5, 0, 1, NULL, NULL, 'Phòng 501', 'Phòng 501', 'Phòng 501', 'Tòa nhà a10/ngách 19/ngõ 535 Kim Mã. Full đồ nội thất (giường,tủ,tủ lạnh,đồ bếp, máy giặt sấy, bồn tắm nằm, hầm để xe, ô tô đỗ cửa, cách hồ ngọc khánh 20m, đằng sau ', 'Tòa nhà a10/ngách 19/ngõ 535 Kim Mã. Full đồ nội thất (giường,tủ,tủ lạnh,đồ bếp, máy giặt sấy, bồn tắm nằm, hầm để xe, ô tô đỗ cửa, cách hồ ngọc khánh 20m, đằng sau ', 'Tòa nhà a10/ngách 19/ngõ 535 Kim Mã. Full đồ nội thất (giường,tủ,tủ lạnh,đồ bếp, máy giặt sấy, bồn tắm nằm, hầm để xe, ô tô đỗ cửa, cách hồ ngọc khánh 20m, đằng sau ', NULL, NULL, NULL, 'phong-501', 'phong-501', 'phong-501', 2, 2, '2023-07-09 23:44:41', '2023-07-10 02:04:18'),
	(12, 'Phòng 601', 'Phòng 601', 'Phòng 601', '<p>T&ograve;a nh&agrave; a10/ng&aacute;ch 19/ng&otilde; 535 Kim M&atilde;. Full đồ nội thất (giường,tủ,tủ lạnh,đồ bếp, m&aacute;y giặt sấy, bồn tắm nằm, hầm để xe, &ocirc; t&ocirc; đỗ cửa, c&aacute;ch hồ ngọc kh&aacute;nh 20m, đằng sau trường RMIT)</p>\r\n\r\n<p>GI&Aacute; Đ&Atilde; BAO GỒM (Dọn ph&ograve;ng v&agrave; giặt đồ 2 lần/tuần,nước sinh hoạt, vệ sinh chung, wifi, điện nước m&aacute;y giặt chung, bảo tr&igrave; thang m&aacute;y, bảo vệ 24/24, gửi 1 xe m&aacute;y).Chưa bao gồm VAT, Tiền điện 3.900đ/1 số,. KH&Ocirc;NG NU&Ocirc;I ĐỘNG VẬT. B&igrave;nh n&oacute;ng lạnh 80L</p>', '<p>T&ograve;a nh&agrave; a10/ng&aacute;ch 19/ng&otilde; 535 Kim M&atilde;. Full đồ nội thất (giường,tủ,tủ lạnh,đồ bếp, m&aacute;y giặt sấy, bồn tắm nằm, hầm để xe, &ocirc; t&ocirc; đỗ cửa, c&aacute;ch hồ ngọc kh&aacute;nh 20m, đằng sau trường RMIT)</p>\r\n\r\n<p>GI&Aacute; Đ&Atilde; BAO GỒM (Dọn ph&ograve;ng v&agrave; giặt đồ 2 lần/tuần,nước sinh hoạt, vệ sinh chung, wifi, điện nước m&aacute;y giặt chung, bảo tr&igrave; thang m&aacute;y, bảo vệ 24/24, gửi 1 xe m&aacute;y).Chưa bao gồm VAT, Tiền điện 3.900đ/1 số,. KH&Ocirc;NG NU&Ocirc;I ĐỘNG VẬT. B&igrave;nh n&oacute;ng lạnh 80L</p>', '<p>T&ograve;a nh&agrave; a10/ng&aacute;ch 19/ng&otilde; 535 Kim M&atilde;. Full đồ nội thất (giường,tủ,tủ lạnh,đồ bếp, m&aacute;y giặt sấy, bồn tắm nằm, hầm để xe, &ocirc; t&ocirc; đỗ cửa, c&aacute;ch hồ ngọc kh&aacute;nh 20m, đằng sau trường RMIT)</p>\r\n\r\n<p>GI&Aacute; Đ&Atilde; BAO GỒM (Dọn ph&ograve;ng v&agrave; giặt đồ 2 lần/tuần,nước sinh hoạt, vệ sinh chung, wifi, điện nước m&aacute;y giặt chung, bảo tr&igrave; thang m&aacute;y, bảo vệ 24/24, gửi 1 xe m&aacute;y).Chưa bao gồm VAT, Tiền điện 3.900đ/1 số,. KH&Ocirc;NG NU&Ocirc;I ĐỘNG VẬT. B&igrave;nh n&oacute;ng lạnh 80L</p>', '2023-07-10', NULL, NULL, '16889798907821.jpg', NULL, NULL, NULL, NULL, 1, 0, 5, 0, 0, NULL, NULL, 'Phòng 601', 'Phòng 601', 'Phòng 601', 'Tòa nhà a10/ngách 19/ngõ 535 Kim Mã. Full đồ nội thất (giường,tủ,tủ lạnh,đồ bếp, máy giặt sấy, bồn tắm nằm, hầm để xe, ô tô đỗ cửa, cách hồ ngọc khánh 20m, đằng sau ', 'Tòa nhà a10/ngách 19/ngõ 535 Kim Mã. Full đồ nội thất (giường,tủ,tủ lạnh,đồ bếp, máy giặt sấy, bồn tắm nằm, hầm để xe, ô tô đỗ cửa, cách hồ ngọc khánh 20m, đằng sau ', 'Tòa nhà a10/ngách 19/ngõ 535 Kim Mã. Full đồ nội thất (giường,tủ,tủ lạnh,đồ bếp, máy giặt sấy, bồn tắm nằm, hầm để xe, ô tô đỗ cửa, cách hồ ngọc khánh 20m, đằng sau ', NULL, NULL, NULL, 'phong-601', 'phong-601', 'phong-601', 2, 2, '2023-07-09 23:46:11', '2023-07-10 02:04:50'),
	(13, 'Phòng 602', 'Phòng 602', 'Phòng 602', '<p>T&ograve;a nh&agrave; a10/ng&aacute;ch 19/ng&otilde; 535 Kim M&atilde;. Full đồ nội thất (giường,tủ,tủ lạnh,đồ bếp, m&aacute;y giặt sấy, bồn tắm nằm, hầm để xe, &ocirc; t&ocirc; đỗ cửa, c&aacute;ch hồ ngọc kh&aacute;nh 20m, đằng sau trường RMIT)</p>\r\n\r\n<p>GI&Aacute; Đ&Atilde; BAO GỒM (Dọn ph&ograve;ng v&agrave; giặt đồ 2 lần/tuần,nước sinh hoạt, vệ sinh chung, wifi, điện nước m&aacute;y giặt chung, bảo tr&igrave; thang m&aacute;y, bảo vệ 24/24, gửi 1 xe m&aacute;y).Chưa bao gồm VAT, Tiền điện 3.900đ/1 số,. KH&Ocirc;NG NU&Ocirc;I ĐỘNG VẬT. B&igrave;nh n&oacute;ng lạnh 80L</p>', '<p>T&ograve;a nh&agrave; a10/ng&aacute;ch 19/ng&otilde; 535 Kim M&atilde;. Full đồ nội thất (giường,tủ,tủ lạnh,đồ bếp, m&aacute;y giặt sấy, bồn tắm nằm, hầm để xe, &ocirc; t&ocirc; đỗ cửa, c&aacute;ch hồ ngọc kh&aacute;nh 20m, đằng sau trường RMIT)</p>\r\n\r\n<p>GI&Aacute; Đ&Atilde; BAO GỒM (Dọn ph&ograve;ng v&agrave; giặt đồ 2 lần/tuần,nước sinh hoạt, vệ sinh chung, wifi, điện nước m&aacute;y giặt chung, bảo tr&igrave; thang m&aacute;y, bảo vệ 24/24, gửi 1 xe m&aacute;y).Chưa bao gồm VAT, Tiền điện 3.900đ/1 số,. KH&Ocirc;NG NU&Ocirc;I ĐỘNG VẬT. B&igrave;nh n&oacute;ng lạnh 80L</p>', '<p>T&ograve;a nh&agrave; a10/ng&aacute;ch 19/ng&otilde; 535 Kim M&atilde;. Full đồ nội thất (giường,tủ,tủ lạnh,đồ bếp, m&aacute;y giặt sấy, bồn tắm nằm, hầm để xe, &ocirc; t&ocirc; đỗ cửa, c&aacute;ch hồ ngọc kh&aacute;nh 20m, đằng sau trường RMIT)</p>\r\n\r\n<p>GI&Aacute; Đ&Atilde; BAO GỒM (Dọn ph&ograve;ng v&agrave; giặt đồ 2 lần/tuần,nước sinh hoạt, vệ sinh chung, wifi, điện nước m&aacute;y giặt chung, bảo tr&igrave; thang m&aacute;y, bảo vệ 24/24, gửi 1 xe m&aacute;y).Chưa bao gồm VAT, Tiền điện 3.900đ/1 số,. KH&Ocirc;NG NU&Ocirc;I ĐỘNG VẬT. B&igrave;nh n&oacute;ng lạnh 80L</p>', '2023-07-10', NULL, NULL, '16889799169827.jpg', NULL, NULL, NULL, NULL, 1, 0, 5, 0, 1, NULL, NULL, 'Phòng 602', 'Phòng 602', 'Phòng 602', 'Tòa nhà a10/ngách 19/ngõ 535 Kim Mã. Full đồ nội thất (giường,tủ,tủ lạnh,đồ bếp, máy giặt sấy, bồn tắm nằm, hầm để xe, ô tô đỗ cửa, cách hồ ngọc khánh 20m, đằng sau ', 'Tòa nhà a10/ngách 19/ngõ 535 Kim Mã. Full đồ nội thất (giường,tủ,tủ lạnh,đồ bếp, máy giặt sấy, bồn tắm nằm, hầm để xe, ô tô đỗ cửa, cách hồ ngọc khánh 20m, đằng sau ', 'Tòa nhà a10/ngách 19/ngõ 535 Kim Mã. Full đồ nội thất (giường,tủ,tủ lạnh,đồ bếp, máy giặt sấy, bồn tắm nằm, hầm để xe, ô tô đỗ cửa, cách hồ ngọc khánh 20m, đằng sau ', NULL, NULL, NULL, 'phong-602', 'phong-602', 'phong-602', 2, 2, '2023-07-09 23:46:11', '2023-07-10 02:05:16'),
	(14, 'Phòng 201', 'Phòng 201', 'Phòng 201', '<p>Tòa nhà 34 ngõ 12 đào tấn (14 căn hộ 1 ngủ, 1 căn hộ studio lớn, full đồ, thoáng, sáng, gần Lotte, thang máy, bồn tắm nằm.<br>GIÁ ĐÃ BAO GỒM (Dọn phòng và giặt đồ 2 lần/tuần,nước sinh hoạt, vệ sinh chung, wifi, điện nước máy giặt chung, bảo trì thang máy, bảo vệ 24/24, gửi 1 xe máy).Chưa bao gồm VAT, Tiền điện 3.900đ/1 số,. KHÔNG NUÔI ĐỘNG VẬT</p>', '<p>Tòa nhà 34 ngõ 12 đào tấn (14 căn hộ 1 ngủ, 1 căn hộ studio lớn, full đồ, thoáng, sáng, gần Lotte, thang máy, bồn tắm nằm.<br>GIÁ ĐÃ BAO GỒM (Dọn phòng và giặt đồ 2 lần/tuần,nước sinh hoạt, vệ sinh chung, wifi, điện nước máy giặt chung, bảo trì thang máy, bảo vệ 24/24, gửi 1 xe máy).Chưa bao gồm VAT, Tiền điện 3.900đ/1 số,. KHÔNG NUÔI ĐỘNG VẬT</p>', '<p>Tòa nhà 34 ngõ 12 đào tấn (14 căn hộ 1 ngủ, 1 căn hộ studio lớn, full đồ, thoáng, sáng, gần Lotte, thang máy, bồn tắm nằm.<br>GIÁ ĐÃ BAO GỒM (Dọn phòng và giặt đồ 2 lần/tuần,nước sinh hoạt, vệ sinh chung, wifi, điện nước máy giặt chung, bảo trì thang máy, bảo vệ 24/24, gửi 1 xe máy).Chưa bao gồm VAT, Tiền điện 3.900đ/1 số,. KHÔNG NUÔI ĐỘNG VẬT</p>', '2023-07-10', NULL, NULL, NULL, NULL, NULL, NULL, NULL, 1, 0, 5, 0, 0, NULL, NULL, 'Phòng 201', 'Phòng 201', 'Phòng 201', 'Tòa nhà 34 ngõ 12 đào tấn (14 căn hộ 1 ngủ, 1 căn hộ studio lớn, full đồ, thoáng, sáng, gần Lotte, thang máy, bồn tắm nằm.GIÁ ĐÃ BAO GỒM (Dọn phòng và giặt đồ 2 lần/', 'Tòa nhà 34 ngõ 12 đào tấn (14 căn hộ 1 ngủ, 1 căn hộ studio lớn, full đồ, thoáng, sáng, gần Lotte, thang máy, bồn tắm nằm.GIÁ ĐÃ BAO GỒM (Dọn phòng và giặt đồ 2 lần/', 'Tòa nhà 34 ngõ 12 đào tấn (14 căn hộ 1 ngủ, 1 căn hộ studio lớn, full đồ, thoáng, sáng, gần Lotte, thang máy, bồn tắm nằm.GIÁ ĐÃ BAO GỒM (Dọn phòng và giặt đồ 2 lần/', NULL, NULL, NULL, 'phong-201-1', 'phong-201-1', 'phong-201-1', 2, NULL, '2023-07-10 00:03:06', '2023-07-10 00:03:06'),
	(15, 'Phòng 302', 'Phòng 302', 'Phòng 302', '<p>Tòa nhà 34 ngõ 12 đào tấn (14 căn hộ 1 ngủ, 1 căn hộ studio lớn, full đồ, thoáng, sáng, gần Lotte, thang máy, bồn tắm nằm.<br>GIÁ ĐÃ BAO GỒM (Dọn phòng và giặt đồ 2 lần/tuần,nước sinh hoạt, vệ sinh chung, wifi, điện nước máy giặt chung, bảo trì thang máy, bảo vệ 24/24, gửi 1 xe máy).Chưa bao gồm VAT, Tiền điện 3.900đ/1 số,. KHÔNG NUÔI ĐỘNG VẬT</p>', '<p>Tòa nhà 34 ngõ 12 đào tấn (14 căn hộ 1 ngủ, 1 căn hộ studio lớn, full đồ, thoáng, sáng, gần Lotte, thang máy, bồn tắm nằm.<br>GIÁ ĐÃ BAO GỒM (Dọn phòng và giặt đồ 2 lần/tuần,nước sinh hoạt, vệ sinh chung, wifi, điện nước máy giặt chung, bảo trì thang máy, bảo vệ 24/24, gửi 1 xe máy).Chưa bao gồm VAT, Tiền điện 3.900đ/1 số,. KHÔNG NUÔI ĐỘNG VẬT</p>', '<p>Tòa nhà 34 ngõ 12 đào tấn (14 căn hộ 1 ngủ, 1 căn hộ studio lớn, full đồ, thoáng, sáng, gần Lotte, thang máy, bồn tắm nằm.<br>GIÁ ĐÃ BAO GỒM (Dọn phòng và giặt đồ 2 lần/tuần,nước sinh hoạt, vệ sinh chung, wifi, điện nước máy giặt chung, bảo trì thang máy, bảo vệ 24/24, gửi 1 xe máy).Chưa bao gồm VAT, Tiền điện 3.900đ/1 số,. KHÔNG NUÔI ĐỘNG VẬT</p>', '2023-07-10', NULL, NULL, NULL, NULL, NULL, NULL, NULL, 1, 0, 5, 0, 1, NULL, NULL, 'Phòng 302', 'Phòng 302', 'Phòng 302', 'Tòa nhà 34 ngõ 12 đào tấn (14 căn hộ 1 ngủ, 1 căn hộ studio lớn, full đồ, thoáng, sáng, gần Lotte, thang máy, bồn tắm nằm.GIÁ ĐÃ BAO GỒM (Dọn phòng và giặt đồ 2 lần/', 'Tòa nhà 34 ngõ 12 đào tấn (14 căn hộ 1 ngủ, 1 căn hộ studio lớn, full đồ, thoáng, sáng, gần Lotte, thang máy, bồn tắm nằm.GIÁ ĐÃ BAO GỒM (Dọn phòng và giặt đồ 2 lần/', 'Tòa nhà 34 ngõ 12 đào tấn (14 căn hộ 1 ngủ, 1 căn hộ studio lớn, full đồ, thoáng, sáng, gần Lotte, thang máy, bồn tắm nằm.GIÁ ĐÃ BAO GỒM (Dọn phòng và giặt đồ 2 lần/', NULL, NULL, NULL, 'phong-302', 'phong-302', 'phong-302', 2, NULL, '2023-07-10 00:03:06', '2023-07-10 00:03:06'),
	(16, 'Phòng 303', 'Phòng 303', 'Phòng 303', '<p>Tòa nhà 34 ngõ 12 đào tấn (14 căn hộ 1 ngủ, 1 căn hộ studio lớn, full đồ, thoáng, sáng, gần Lotte, thang máy, bồn tắm nằm.<br>GIÁ ĐÃ BAO GỒM (Dọn phòng và giặt đồ 2 lần/tuần,nước sinh hoạt, vệ sinh chung, wifi, điện nước máy giặt chung, bảo trì thang máy, bảo vệ 24/24, gửi 1 xe máy).Chưa bao gồm VAT, Tiền điện 3.900đ/1 số,. KHÔNG NUÔI ĐỘNG VẬT</p>', '<p>Tòa nhà 34 ngõ 12 đào tấn (14 căn hộ 1 ngủ, 1 căn hộ studio lớn, full đồ, thoáng, sáng, gần Lotte, thang máy, bồn tắm nằm.<br>GIÁ ĐÃ BAO GỒM (Dọn phòng và giặt đồ 2 lần/tuần,nước sinh hoạt, vệ sinh chung, wifi, điện nước máy giặt chung, bảo trì thang máy, bảo vệ 24/24, gửi 1 xe máy).Chưa bao gồm VAT, Tiền điện 3.900đ/1 số,. KHÔNG NUÔI ĐỘNG VẬT</p>', '<p>Tòa nhà 34 ngõ 12 đào tấn (14 căn hộ 1 ngủ, 1 căn hộ studio lớn, full đồ, thoáng, sáng, gần Lotte, thang máy, bồn tắm nằm.<br>GIÁ ĐÃ BAO GỒM (Dọn phòng và giặt đồ 2 lần/tuần,nước sinh hoạt, vệ sinh chung, wifi, điện nước máy giặt chung, bảo trì thang máy, bảo vệ 24/24, gửi 1 xe máy).Chưa bao gồm VAT, Tiền điện 3.900đ/1 số,. KHÔNG NUÔI ĐỘNG VẬT</p>', '2023-07-10', NULL, NULL, NULL, NULL, NULL, NULL, NULL, 1, 0, 5, 0, 2, NULL, NULL, 'Phòng 303', 'Phòng 303', 'Phòng 303', 'Tòa nhà 34 ngõ 12 đào tấn (14 căn hộ 1 ngủ, 1 căn hộ studio lớn, full đồ, thoáng, sáng, gần Lotte, thang máy, bồn tắm nằm.GIÁ ĐÃ BAO GỒM (Dọn phòng và giặt đồ 2 lần/', 'Tòa nhà 34 ngõ 12 đào tấn (14 căn hộ 1 ngủ, 1 căn hộ studio lớn, full đồ, thoáng, sáng, gần Lotte, thang máy, bồn tắm nằm.GIÁ ĐÃ BAO GỒM (Dọn phòng và giặt đồ 2 lần/', 'Tòa nhà 34 ngõ 12 đào tấn (14 căn hộ 1 ngủ, 1 căn hộ studio lớn, full đồ, thoáng, sáng, gần Lotte, thang máy, bồn tắm nằm.GIÁ ĐÃ BAO GỒM (Dọn phòng và giặt đồ 2 lần/', NULL, NULL, NULL, 'phong-303', 'phong-303', 'phong-303', 2, NULL, '2023-07-10 00:03:06', '2023-07-10 00:03:06'),
	(17, 'Phòng 402', 'Phòng 402', 'Phòng 402', '<p>Tòa nhà 34 ngõ 12 đào tấn (14 căn hộ 1 ngủ, 1 căn hộ studio lớn, full đồ, thoáng, sáng, gần Lotte, thang máy, bồn tắm nằm.<br>GIÁ ĐÃ BAO GỒM (Dọn phòng và giặt đồ 2 lần/tuần,nước sinh hoạt, vệ sinh chung, wifi, điện nước máy giặt chung, bảo trì thang máy, bảo vệ 24/24, gửi 1 xe máy).Chưa bao gồm VAT, Tiền điện 3.900đ/1 số,. KHÔNG NUÔI ĐỘNG VẬT</p>', '<p>Tòa nhà 34 ngõ 12 đào tấn (14 căn hộ 1 ngủ, 1 căn hộ studio lớn, full đồ, thoáng, sáng, gần Lotte, thang máy, bồn tắm nằm.<br>GIÁ ĐÃ BAO GỒM (Dọn phòng và giặt đồ 2 lần/tuần,nước sinh hoạt, vệ sinh chung, wifi, điện nước máy giặt chung, bảo trì thang máy, bảo vệ 24/24, gửi 1 xe máy).Chưa bao gồm VAT, Tiền điện 3.900đ/1 số,. KHÔNG NUÔI ĐỘNG VẬT</p>', '<p>Tòa nhà 34 ngõ 12 đào tấn (14 căn hộ 1 ngủ, 1 căn hộ studio lớn, full đồ, thoáng, sáng, gần Lotte, thang máy, bồn tắm nằm.<br>GIÁ ĐÃ BAO GỒM (Dọn phòng và giặt đồ 2 lần/tuần,nước sinh hoạt, vệ sinh chung, wifi, điện nước máy giặt chung, bảo trì thang máy, bảo vệ 24/24, gửi 1 xe máy).Chưa bao gồm VAT, Tiền điện 3.900đ/1 số,. KHÔNG NUÔI ĐỘNG VẬT</p>', '2023-07-10', NULL, NULL, NULL, NULL, NULL, NULL, NULL, 1, 0, 5, 0, 3, NULL, NULL, 'Phòng 402', 'Phòng 402', 'Phòng 402', 'Tòa nhà 34 ngõ 12 đào tấn (14 căn hộ 1 ngủ, 1 căn hộ studio lớn, full đồ, thoáng, sáng, gần Lotte, thang máy, bồn tắm nằm.GIÁ ĐÃ BAO GỒM (Dọn phòng và giặt đồ 2 lần/', 'Tòa nhà 34 ngõ 12 đào tấn (14 căn hộ 1 ngủ, 1 căn hộ studio lớn, full đồ, thoáng, sáng, gần Lotte, thang máy, bồn tắm nằm.GIÁ ĐÃ BAO GỒM (Dọn phòng và giặt đồ 2 lần/', 'Tòa nhà 34 ngõ 12 đào tấn (14 căn hộ 1 ngủ, 1 căn hộ studio lớn, full đồ, thoáng, sáng, gần Lotte, thang máy, bồn tắm nằm.GIÁ ĐÃ BAO GỒM (Dọn phòng và giặt đồ 2 lần/', NULL, NULL, NULL, 'phong-402-1', 'phong-402-1', 'phong-402-1', 2, NULL, '2023-07-10 00:03:06', '2023-07-10 00:03:06'),
	(18, 'Phòng 503', 'Phòng 503', 'Phòng 503', '<p>Tòa nhà 34 ngõ 12 đào tấn (14 căn hộ 1 ngủ, 1 căn hộ studio lớn, full đồ, thoáng, sáng, gần Lotte, thang máy, bồn tắm nằm.<br>GIÁ ĐÃ BAO GỒM (Dọn phòng và giặt đồ 2 lần/tuần,nước sinh hoạt, vệ sinh chung, wifi, điện nước máy giặt chung, bảo trì thang máy, bảo vệ 24/24, gửi 1 xe máy).Chưa bao gồm VAT, Tiền điện 3.900đ/1 số,. KHÔNG NUÔI ĐỘNG VẬT</p>', '<p>Tòa nhà 34 ngõ 12 đào tấn (14 căn hộ 1 ngủ, 1 căn hộ studio lớn, full đồ, thoáng, sáng, gần Lotte, thang máy, bồn tắm nằm.<br>GIÁ ĐÃ BAO GỒM (Dọn phòng và giặt đồ 2 lần/tuần,nước sinh hoạt, vệ sinh chung, wifi, điện nước máy giặt chung, bảo trì thang máy, bảo vệ 24/24, gửi 1 xe máy).Chưa bao gồm VAT, Tiền điện 3.900đ/1 số,. KHÔNG NUÔI ĐỘNG VẬT</p>', '<p>Tòa nhà 34 ngõ 12 đào tấn (14 căn hộ 1 ngủ, 1 căn hộ studio lớn, full đồ, thoáng, sáng, gần Lotte, thang máy, bồn tắm nằm.<br>GIÁ ĐÃ BAO GỒM (Dọn phòng và giặt đồ 2 lần/tuần,nước sinh hoạt, vệ sinh chung, wifi, điện nước máy giặt chung, bảo trì thang máy, bảo vệ 24/24, gửi 1 xe máy).Chưa bao gồm VAT, Tiền điện 3.900đ/1 số,. KHÔNG NUÔI ĐỘNG VẬT</p>', '2023-07-10', NULL, NULL, NULL, NULL, NULL, NULL, NULL, 1, 0, 5, 0, 4, NULL, NULL, 'Phòng 503', 'Phòng 503', 'Phòng 503', 'Tòa nhà 34 ngõ 12 đào tấn (14 căn hộ 1 ngủ, 1 căn hộ studio lớn, full đồ, thoáng, sáng, gần Lotte, thang máy, bồn tắm nằm.GIÁ ĐÃ BAO GỒM (Dọn phòng và giặt đồ 2 lần/', 'Tòa nhà 34 ngõ 12 đào tấn (14 căn hộ 1 ngủ, 1 căn hộ studio lớn, full đồ, thoáng, sáng, gần Lotte, thang máy, bồn tắm nằm.GIÁ ĐÃ BAO GỒM (Dọn phòng và giặt đồ 2 lần/', 'Tòa nhà 34 ngõ 12 đào tấn (14 căn hộ 1 ngủ, 1 căn hộ studio lớn, full đồ, thoáng, sáng, gần Lotte, thang máy, bồn tắm nằm.GIÁ ĐÃ BAO GỒM (Dọn phòng và giặt đồ 2 lần/', NULL, NULL, NULL, 'phong-503', 'phong-503', 'phong-503', 2, NULL, '2023-07-10 00:03:06', '2023-07-10 00:03:06'),
	(19, 'Phòng 601', 'Phòng 601', 'Phòng 601', '<p>Tòa nhà 34 ngõ 12 đào tấn (14 căn hộ 1 ngủ, 1 căn hộ studio lớn, full đồ, thoáng, sáng, gần Lotte, thang máy, bồn tắm nằm.<br>GIÁ ĐÃ BAO GỒM (Dọn phòng và giặt đồ 2 lần/tuần,nước sinh hoạt, vệ sinh chung, wifi, điện nước máy giặt chung, bảo trì thang máy, bảo vệ 24/24, gửi 1 xe máy).Chưa bao gồm VAT, Tiền điện 3.900đ/1 số,. KHÔNG NUÔI ĐỘNG VẬT</p>', '<p>Tòa nhà 34 ngõ 12 đào tấn (14 căn hộ 1 ngủ, 1 căn hộ studio lớn, full đồ, thoáng, sáng, gần Lotte, thang máy, bồn tắm nằm.<br>GIÁ ĐÃ BAO GỒM (Dọn phòng và giặt đồ 2 lần/tuần,nước sinh hoạt, vệ sinh chung, wifi, điện nước máy giặt chung, bảo trì thang máy, bảo vệ 24/24, gửi 1 xe máy).Chưa bao gồm VAT, Tiền điện 3.900đ/1 số,. KHÔNG NUÔI ĐỘNG VẬT</p>', '<p>Tòa nhà 34 ngõ 12 đào tấn (14 căn hộ 1 ngủ, 1 căn hộ studio lớn, full đồ, thoáng, sáng, gần Lotte, thang máy, bồn tắm nằm.<br>GIÁ ĐÃ BAO GỒM (Dọn phòng và giặt đồ 2 lần/tuần,nước sinh hoạt, vệ sinh chung, wifi, điện nước máy giặt chung, bảo trì thang máy, bảo vệ 24/24, gửi 1 xe máy).Chưa bao gồm VAT, Tiền điện 3.900đ/1 số,. KHÔNG NUÔI ĐỘNG VẬT</p>', '2023-07-10', NULL, NULL, NULL, NULL, NULL, NULL, NULL, 1, 0, 5, 0, 5, NULL, NULL, 'Phòng 601', 'Phòng 601', 'Phòng 601', 'Tòa nhà 34 ngõ 12 đào tấn (14 căn hộ 1 ngủ, 1 căn hộ studio lớn, full đồ, thoáng, sáng, gần Lotte, thang máy, bồn tắm nằm.GIÁ ĐÃ BAO GỒM (Dọn phòng và giặt đồ 2 lần/', 'Tòa nhà 34 ngõ 12 đào tấn (14 căn hộ 1 ngủ, 1 căn hộ studio lớn, full đồ, thoáng, sáng, gần Lotte, thang máy, bồn tắm nằm.GIÁ ĐÃ BAO GỒM (Dọn phòng và giặt đồ 2 lần/', 'Tòa nhà 34 ngõ 12 đào tấn (14 căn hộ 1 ngủ, 1 căn hộ studio lớn, full đồ, thoáng, sáng, gần Lotte, thang máy, bồn tắm nằm.GIÁ ĐÃ BAO GỒM (Dọn phòng và giặt đồ 2 lần/', NULL, NULL, NULL, 'phong-601-1', 'phong-601-1', 'phong-601-1', 2, NULL, '2023-07-10 00:03:06', '2023-07-10 00:03:06'),
	(20, 'Phòng 602', 'Phòng 602', 'Phòng 602', '<p>Tòa nhà 34 ngõ 12 đào tấn (14 căn hộ 1 ngủ, 1 căn hộ studio lớn, full đồ, thoáng, sáng, gần Lotte, thang máy, bồn tắm nằm.<br>GIÁ ĐÃ BAO GỒM (Dọn phòng và giặt đồ 2 lần/tuần,nước sinh hoạt, vệ sinh chung, wifi, điện nước máy giặt chung, bảo trì thang máy, bảo vệ 24/24, gửi 1 xe máy).Chưa bao gồm VAT, Tiền điện 3.900đ/1 số,. KHÔNG NUÔI ĐỘNG VẬT</p>', '<p>Tòa nhà 34 ngõ 12 đào tấn (14 căn hộ 1 ngủ, 1 căn hộ studio lớn, full đồ, thoáng, sáng, gần Lotte, thang máy, bồn tắm nằm.<br>GIÁ ĐÃ BAO GỒM (Dọn phòng và giặt đồ 2 lần/tuần,nước sinh hoạt, vệ sinh chung, wifi, điện nước máy giặt chung, bảo trì thang máy, bảo vệ 24/24, gửi 1 xe máy).Chưa bao gồm VAT, Tiền điện 3.900đ/1 số,. KHÔNG NUÔI ĐỘNG VẬT</p>', '<p>Tòa nhà 34 ngõ 12 đào tấn (14 căn hộ 1 ngủ, 1 căn hộ studio lớn, full đồ, thoáng, sáng, gần Lotte, thang máy, bồn tắm nằm.<br>GIÁ ĐÃ BAO GỒM (Dọn phòng và giặt đồ 2 lần/tuần,nước sinh hoạt, vệ sinh chung, wifi, điện nước máy giặt chung, bảo trì thang máy, bảo vệ 24/24, gửi 1 xe máy).Chưa bao gồm VAT, Tiền điện 3.900đ/1 số,. KHÔNG NUÔI ĐỘNG VẬT</p>', '2023-07-10', NULL, NULL, NULL, NULL, NULL, NULL, NULL, 1, 0, 5, 0, 6, NULL, NULL, 'Phòng 602', 'Phòng 602', 'Phòng 602', 'Tòa nhà 34 ngõ 12 đào tấn (14 căn hộ 1 ngủ, 1 căn hộ studio lớn, full đồ, thoáng, sáng, gần Lotte, thang máy, bồn tắm nằm.GIÁ ĐÃ BAO GỒM (Dọn phòng và giặt đồ 2 lần/', 'Tòa nhà 34 ngõ 12 đào tấn (14 căn hộ 1 ngủ, 1 căn hộ studio lớn, full đồ, thoáng, sáng, gần Lotte, thang máy, bồn tắm nằm.GIÁ ĐÃ BAO GỒM (Dọn phòng và giặt đồ 2 lần/', 'Tòa nhà 34 ngõ 12 đào tấn (14 căn hộ 1 ngủ, 1 căn hộ studio lớn, full đồ, thoáng, sáng, gần Lotte, thang máy, bồn tắm nằm.GIÁ ĐÃ BAO GỒM (Dọn phòng và giặt đồ 2 lần/', NULL, NULL, NULL, 'phong-602-1', 'phong-602-1', 'phong-602-1', 2, NULL, '2023-07-10 00:03:06', '2023-07-10 00:03:06'),
	(21, 'Phòng 101', 'Phòng 101', 'Phòng 101', '<p>Tòa nhà 103-A4 Lạc Chính, Trúc Bạch, Ba Đình. ( Full đồ nội thất cao cấp, có máy giặt sấy riêng từng phòng). Vị Trí: ô tô đỗ cửa, cách hồ Trúc Bạch 20m, tầng cao view hồ. Gồm 5 căn 2N1K, 2 căn 1N1K, 1 căn Pen House)<br>GIÁ ĐÃ BAO GỒM (Dọn phòng và giặt đồ 2 lần/tuần,nước sinh hoạt, vệ sinh chung, wifi, điện nước máy giặt chung, bảo trì thang máy, gửi 1 xe máy).Chưa bao gồm VAT, Tiền điện 3.900đ/1 số,. KHÔNG NUÔI ĐỘNG VẬT</p>', '<p>Tòa nhà 103-A4 Lạc Chính, Trúc Bạch, Ba Đình. ( Full đồ nội thất cao cấp, có máy giặt sấy riêng từng phòng). Vị Trí: ô tô đỗ cửa, cách hồ Trúc Bạch 20m, tầng cao view hồ. Gồm 5 căn 2N1K, 2 căn 1N1K, 1 căn Pen House)<br>GIÁ ĐÃ BAO GỒM (Dọn phòng và giặt đồ 2 lần/tuần,nước sinh hoạt, vệ sinh chung, wifi, điện nước máy giặt chung, bảo trì thang máy, gửi 1 xe máy).Chưa bao gồm VAT, Tiền điện 3.900đ/1 số,. KHÔNG NUÔI ĐỘNG VẬT</p>', '<p>Tòa nhà 103-A4 Lạc Chính, Trúc Bạch, Ba Đình. ( Full đồ nội thất cao cấp, có máy giặt sấy riêng từng phòng). Vị Trí: ô tô đỗ cửa, cách hồ Trúc Bạch 20m, tầng cao view hồ. Gồm 5 căn 2N1K, 2 căn 1N1K, 1 căn Pen House)<br>GIÁ ĐÃ BAO GỒM (Dọn phòng và giặt đồ 2 lần/tuần,nước sinh hoạt, vệ sinh chung, wifi, điện nước máy giặt chung, bảo trì thang máy, gửi 1 xe máy).Chưa bao gồm VAT, Tiền điện 3.900đ/1 số,. KHÔNG NUÔI ĐỘNG VẬT</p>', '2023-07-10', NULL, NULL, NULL, NULL, NULL, NULL, NULL, 1, 0, 5, 0, 7, NULL, NULL, 'Phòng 101', 'Phòng 101', 'Phòng 101', 'Tòa nhà 103-A4 Lạc Chính, Trúc Bạch, Ba Đình. ( Full đồ nội thất cao cấp, có máy giặt sấy riêng từng phòng). Vị Trí: ô tô đỗ cửa, cách hồ Trúc Bạch 20m, tầng cao vie', 'Tòa nhà 103-A4 Lạc Chính, Trúc Bạch, Ba Đình. ( Full đồ nội thất cao cấp, có máy giặt sấy riêng từng phòng). Vị Trí: ô tô đỗ cửa, cách hồ Trúc Bạch 20m, tầng cao vie', 'Tòa nhà 103-A4 Lạc Chính, Trúc Bạch, Ba Đình. ( Full đồ nội thất cao cấp, có máy giặt sấy riêng từng phòng). Vị Trí: ô tô đỗ cửa, cách hồ Trúc Bạch 20m, tầng cao vie', NULL, NULL, NULL, 'phong-101', 'phong-101', 'phong-101', 2, NULL, '2023-07-10 00:03:06', '2023-07-10 00:03:06'),
	(22, 'Phòng 402', 'Phòng 402', 'Phòng 402', '<p>Tòa nhà số 2 ngõ 224 Bưởi, Cống Vị, Ba Đình. ( Full đồ nội thất , Máy giặt sấy chung, có bảo vệ 24/24). Vị Trí: ô tô đỗ cách nhà 10m. Gồm 15 căn hộ<br>GIÁ ĐÃ BAO GỒM (Dọn phòng và giặt đồ 2 lần/tuần,nước sinh hoạt, vệ sinh chung, wifi, điện nước máy giặt chung, bảo trì thang máy, bảo vệ 24/24, gửi 1 xe máy).Chưa bao gồm VAT, Tiền điện 3.900đ/1 số,. KHÔNG NUÔI ĐỘNG VẬT</p>', '<p>Tòa nhà số 2 ngõ 224 Bưởi, Cống Vị, Ba Đình. ( Full đồ nội thất , Máy giặt sấy chung, có bảo vệ 24/24). Vị Trí: ô tô đỗ cách nhà 10m. Gồm 15 căn hộ<br>GIÁ ĐÃ BAO GỒM (Dọn phòng và giặt đồ 2 lần/tuần,nước sinh hoạt, vệ sinh chung, wifi, điện nước máy giặt chung, bảo trì thang máy, bảo vệ 24/24, gửi 1 xe máy).Chưa bao gồm VAT, Tiền điện 3.900đ/1 số,. KHÔNG NUÔI ĐỘNG VẬT</p>', '<p>Tòa nhà số 2 ngõ 224 Bưởi, Cống Vị, Ba Đình. ( Full đồ nội thất , Máy giặt sấy chung, có bảo vệ 24/24). Vị Trí: ô tô đỗ cách nhà 10m. Gồm 15 căn hộ<br>GIÁ ĐÃ BAO GỒM (Dọn phòng và giặt đồ 2 lần/tuần,nước sinh hoạt, vệ sinh chung, wifi, điện nước máy giặt chung, bảo trì thang máy, bảo vệ 24/24, gửi 1 xe máy).Chưa bao gồm VAT, Tiền điện 3.900đ/1 số,. KHÔNG NUÔI ĐỘNG VẬT</p>', '2023-07-10', NULL, NULL, NULL, NULL, NULL, NULL, NULL, 1, 0, 5, 0, 8, NULL, NULL, 'Phòng 402', 'Phòng 402', 'Phòng 402', 'Tòa nhà số 2 ngõ 224 Bưởi, Cống Vị, Ba Đình. ( Full đồ nội thất , Máy giặt sấy chung, có bảo vệ 24/24). Vị Trí: ô tô đỗ cách nhà 10m. Gồm 15 căn hộGIÁ ĐÃ BAO GỒM (Dọ', 'Tòa nhà số 2 ngõ 224 Bưởi, Cống Vị, Ba Đình. ( Full đồ nội thất , Máy giặt sấy chung, có bảo vệ 24/24). Vị Trí: ô tô đỗ cách nhà 10m. Gồm 15 căn hộGIÁ ĐÃ BAO GỒM (Dọ', 'Tòa nhà số 2 ngõ 224 Bưởi, Cống Vị, Ba Đình. ( Full đồ nội thất , Máy giặt sấy chung, có bảo vệ 24/24). Vị Trí: ô tô đỗ cách nhà 10m. Gồm 15 căn hộGIÁ ĐÃ BAO GỒM (Dọ', NULL, NULL, NULL, 'phong-402-2', 'phong-402-2', 'phong-402-2', 2, NULL, '2023-07-10 00:03:06', '2023-07-10 00:03:06'),
	(23, 'Phòng 502', 'Phòng 502', 'Phòng 502', '<p>Tòa nhà số 2 ngõ 224 Bưởi, Cống Vị, Ba Đình. ( Full đồ nội thất , Máy giặt sấy chung, có bảo vệ 24/24). Vị Trí: ô tô đỗ cách nhà 10m. Gồm 15 căn hộ<br>GIÁ ĐÃ BAO GỒM (Dọn phòng và giặt đồ 2 lần/tuần,nước sinh hoạt, vệ sinh chung, wifi, điện nước máy giặt chung, bảo trì thang máy, bảo vệ 24/24, gửi 1 xe máy).Chưa bao gồm VAT, Tiền điện 3.900đ/1 số,. KHÔNG NUÔI ĐỘNG VẬT</p>', '<p>Tòa nhà số 2 ngõ 224 Bưởi, Cống Vị, Ba Đình. ( Full đồ nội thất , Máy giặt sấy chung, có bảo vệ 24/24). Vị Trí: ô tô đỗ cách nhà 10m. Gồm 15 căn hộ<br>GIÁ ĐÃ BAO GỒM (Dọn phòng và giặt đồ 2 lần/tuần,nước sinh hoạt, vệ sinh chung, wifi, điện nước máy giặt chung, bảo trì thang máy, bảo vệ 24/24, gửi 1 xe máy).Chưa bao gồm VAT, Tiền điện 3.900đ/1 số,. KHÔNG NUÔI ĐỘNG VẬT</p>', '<p>Tòa nhà số 2 ngõ 224 Bưởi, Cống Vị, Ba Đình. ( Full đồ nội thất , Máy giặt sấy chung, có bảo vệ 24/24). Vị Trí: ô tô đỗ cách nhà 10m. Gồm 15 căn hộ<br>GIÁ ĐÃ BAO GỒM (Dọn phòng và giặt đồ 2 lần/tuần,nước sinh hoạt, vệ sinh chung, wifi, điện nước máy giặt chung, bảo trì thang máy, bảo vệ 24/24, gửi 1 xe máy).Chưa bao gồm VAT, Tiền điện 3.900đ/1 số,. KHÔNG NUÔI ĐỘNG VẬT</p>', '2023-07-10', NULL, NULL, NULL, NULL, NULL, NULL, NULL, 1, 0, 5, 0, 9, NULL, NULL, 'Phòng 502', 'Phòng 502', 'Phòng 502', 'Tòa nhà số 2 ngõ 224 Bưởi, Cống Vị, Ba Đình. ( Full đồ nội thất , Máy giặt sấy chung, có bảo vệ 24/24). Vị Trí: ô tô đỗ cách nhà 10m. Gồm 15 căn hộGIÁ ĐÃ BAO GỒM (Dọ', 'Tòa nhà số 2 ngõ 224 Bưởi, Cống Vị, Ba Đình. ( Full đồ nội thất , Máy giặt sấy chung, có bảo vệ 24/24). Vị Trí: ô tô đỗ cách nhà 10m. Gồm 15 căn hộGIÁ ĐÃ BAO GỒM (Dọ', 'Tòa nhà số 2 ngõ 224 Bưởi, Cống Vị, Ba Đình. ( Full đồ nội thất , Máy giặt sấy chung, có bảo vệ 24/24). Vị Trí: ô tô đỗ cách nhà 10m. Gồm 15 căn hộGIÁ ĐÃ BAO GỒM (Dọ', NULL, NULL, NULL, 'phong-502', 'phong-502', 'phong-502', 2, NULL, '2023-07-10 00:03:06', '2023-07-10 00:03:06'),
	(24, 'Phòng 602', 'Phòng 602', 'Phòng 602', '<p>Tòa nhà số 2 ngõ 224 Bưởi, Cống Vị, Ba Đình. ( Full đồ nội thất , Máy giặt sấy chung, có bảo vệ 24/24). Vị Trí: ô tô đỗ cách nhà 10m. Gồm 15 căn hộ<br>GIÁ ĐÃ BAO GỒM (Dọn phòng và giặt đồ 2 lần/tuần,nước sinh hoạt, vệ sinh chung, wifi, điện nước máy giặt chung, bảo trì thang máy, bảo vệ 24/24, gửi 1 xe máy).Chưa bao gồm VAT, Tiền điện 3.900đ/1 số,. KHÔNG NUÔI ĐỘNG VẬT</p>', '<p>Tòa nhà số 2 ngõ 224 Bưởi, Cống Vị, Ba Đình. ( Full đồ nội thất , Máy giặt sấy chung, có bảo vệ 24/24). Vị Trí: ô tô đỗ cách nhà 10m. Gồm 15 căn hộ<br>GIÁ ĐÃ BAO GỒM (Dọn phòng và giặt đồ 2 lần/tuần,nước sinh hoạt, vệ sinh chung, wifi, điện nước máy giặt chung, bảo trì thang máy, bảo vệ 24/24, gửi 1 xe máy).Chưa bao gồm VAT, Tiền điện 3.900đ/1 số,. KHÔNG NUÔI ĐỘNG VẬT</p>', '<p>Tòa nhà số 2 ngõ 224 Bưởi, Cống Vị, Ba Đình. ( Full đồ nội thất , Máy giặt sấy chung, có bảo vệ 24/24). Vị Trí: ô tô đỗ cách nhà 10m. Gồm 15 căn hộ<br>GIÁ ĐÃ BAO GỒM (Dọn phòng và giặt đồ 2 lần/tuần,nước sinh hoạt, vệ sinh chung, wifi, điện nước máy giặt chung, bảo trì thang máy, bảo vệ 24/24, gửi 1 xe máy).Chưa bao gồm VAT, Tiền điện 3.900đ/1 số,. KHÔNG NUÔI ĐỘNG VẬT</p>', '2023-07-10', NULL, NULL, NULL, NULL, NULL, NULL, NULL, 1, 0, 5, 0, 10, NULL, NULL, 'Phòng 602', 'Phòng 602', 'Phòng 602', 'Tòa nhà số 2 ngõ 224 Bưởi, Cống Vị, Ba Đình. ( Full đồ nội thất , Máy giặt sấy chung, có bảo vệ 24/24). Vị Trí: ô tô đỗ cách nhà 10m. Gồm 15 căn hộGIÁ ĐÃ BAO GỒM (Dọ', 'Tòa nhà số 2 ngõ 224 Bưởi, Cống Vị, Ba Đình. ( Full đồ nội thất , Máy giặt sấy chung, có bảo vệ 24/24). Vị Trí: ô tô đỗ cách nhà 10m. Gồm 15 căn hộGIÁ ĐÃ BAO GỒM (Dọ', 'Tòa nhà số 2 ngõ 224 Bưởi, Cống Vị, Ba Đình. ( Full đồ nội thất , Máy giặt sấy chung, có bảo vệ 24/24). Vị Trí: ô tô đỗ cách nhà 10m. Gồm 15 căn hộGIÁ ĐÃ BAO GỒM (Dọ', NULL, NULL, NULL, 'phong-602-2', 'phong-602-2', 'phong-602-2', 2, NULL, '2023-07-10 00:03:06', '2023-07-10 00:03:06'),
	(25, 'Phòng 701', 'Phòng 701', 'Phòng 701', '<p>Tòa nhà số 2 ngõ 224 Bưởi, Cống Vị, Ba Đình. ( Full đồ nội thất , Máy giặt sấy chung, có bảo vệ 24/24). Vị Trí: ô tô đỗ cách nhà 10m. Gồm 15 căn hộ<br>GIÁ ĐÃ BAO GỒM (Dọn phòng và giặt đồ 2 lần/tuần,nước sinh hoạt, vệ sinh chung, wifi, điện nước máy giặt chung, bảo trì thang máy, bảo vệ 24/24, gửi 1 xe máy).Chưa bao gồm VAT, Tiền điện 3.900đ/1 số,. KHÔNG NUÔI ĐỘNG VẬT</p>', '<p>Tòa nhà số 2 ngõ 224 Bưởi, Cống Vị, Ba Đình. ( Full đồ nội thất , Máy giặt sấy chung, có bảo vệ 24/24). Vị Trí: ô tô đỗ cách nhà 10m. Gồm 15 căn hộ<br>GIÁ ĐÃ BAO GỒM (Dọn phòng và giặt đồ 2 lần/tuần,nước sinh hoạt, vệ sinh chung, wifi, điện nước máy giặt chung, bảo trì thang máy, bảo vệ 24/24, gửi 1 xe máy).Chưa bao gồm VAT, Tiền điện 3.900đ/1 số,. KHÔNG NUÔI ĐỘNG VẬT</p>', '<p>Tòa nhà số 2 ngõ 224 Bưởi, Cống Vị, Ba Đình. ( Full đồ nội thất , Máy giặt sấy chung, có bảo vệ 24/24). Vị Trí: ô tô đỗ cách nhà 10m. Gồm 15 căn hộ<br>GIÁ ĐÃ BAO GỒM (Dọn phòng và giặt đồ 2 lần/tuần,nước sinh hoạt, vệ sinh chung, wifi, điện nước máy giặt chung, bảo trì thang máy, bảo vệ 24/24, gửi 1 xe máy).Chưa bao gồm VAT, Tiền điện 3.900đ/1 số,. KHÔNG NUÔI ĐỘNG VẬT</p>', '2023-07-10', NULL, NULL, NULL, NULL, NULL, NULL, NULL, 1, 0, 5, 0, 11, NULL, NULL, 'Phòng 701', 'Phòng 701', 'Phòng 701', 'Tòa nhà số 2 ngõ 224 Bưởi, Cống Vị, Ba Đình. ( Full đồ nội thất , Máy giặt sấy chung, có bảo vệ 24/24). Vị Trí: ô tô đỗ cách nhà 10m. Gồm 15 căn hộGIÁ ĐÃ BAO GỒM (Dọ', 'Tòa nhà số 2 ngõ 224 Bưởi, Cống Vị, Ba Đình. ( Full đồ nội thất , Máy giặt sấy chung, có bảo vệ 24/24). Vị Trí: ô tô đỗ cách nhà 10m. Gồm 15 căn hộGIÁ ĐÃ BAO GỒM (Dọ', 'Tòa nhà số 2 ngõ 224 Bưởi, Cống Vị, Ba Đình. ( Full đồ nội thất , Máy giặt sấy chung, có bảo vệ 24/24). Vị Trí: ô tô đỗ cách nhà 10m. Gồm 15 căn hộGIÁ ĐÃ BAO GỒM (Dọ', NULL, NULL, NULL, 'phong-701', 'phong-701', 'phong-701', 2, NULL, '2023-07-10 00:03:06', '2023-07-10 00:03:06'),
	(26, 'Phòng 702', 'Phòng 702', 'Phòng 702', '<p>Tòa nhà số 2 ngõ 224 Bưởi, Cống Vị, Ba Đình. ( Full đồ nội thất , Máy giặt sấy chung, có bảo vệ 24/24). Vị Trí: ô tô đỗ cách nhà 10m. Gồm 15 căn hộ<br>GIÁ ĐÃ BAO GỒM (Dọn phòng và giặt đồ 2 lần/tuần,nước sinh hoạt, vệ sinh chung, wifi, điện nước máy giặt chung, bảo trì thang máy, bảo vệ 24/24, gửi 1 xe máy).Chưa bao gồm VAT, Tiền điện 3.900đ/1 số,. KHÔNG NUÔI ĐỘNG VẬT</p>', '<p>Tòa nhà số 2 ngõ 224 Bưởi, Cống Vị, Ba Đình. ( Full đồ nội thất , Máy giặt sấy chung, có bảo vệ 24/24). Vị Trí: ô tô đỗ cách nhà 10m. Gồm 15 căn hộ<br>GIÁ ĐÃ BAO GỒM (Dọn phòng và giặt đồ 2 lần/tuần,nước sinh hoạt, vệ sinh chung, wifi, điện nước máy giặt chung, bảo trì thang máy, bảo vệ 24/24, gửi 1 xe máy).Chưa bao gồm VAT, Tiền điện 3.900đ/1 số,. KHÔNG NUÔI ĐỘNG VẬT</p>', '<p>Tòa nhà số 2 ngõ 224 Bưởi, Cống Vị, Ba Đình. ( Full đồ nội thất , Máy giặt sấy chung, có bảo vệ 24/24). Vị Trí: ô tô đỗ cách nhà 10m. Gồm 15 căn hộ<br>GIÁ ĐÃ BAO GỒM (Dọn phòng và giặt đồ 2 lần/tuần,nước sinh hoạt, vệ sinh chung, wifi, điện nước máy giặt chung, bảo trì thang máy, bảo vệ 24/24, gửi 1 xe máy).Chưa bao gồm VAT, Tiền điện 3.900đ/1 số,. KHÔNG NUÔI ĐỘNG VẬT</p>', '2023-07-10', NULL, NULL, NULL, NULL, NULL, NULL, NULL, 1, 0, 5, 0, 12, NULL, NULL, 'Phòng 702', 'Phòng 702', 'Phòng 702', 'Tòa nhà số 2 ngõ 224 Bưởi, Cống Vị, Ba Đình. ( Full đồ nội thất , Máy giặt sấy chung, có bảo vệ 24/24). Vị Trí: ô tô đỗ cách nhà 10m. Gồm 15 căn hộGIÁ ĐÃ BAO GỒM (Dọ', 'Tòa nhà số 2 ngõ 224 Bưởi, Cống Vị, Ba Đình. ( Full đồ nội thất , Máy giặt sấy chung, có bảo vệ 24/24). Vị Trí: ô tô đỗ cách nhà 10m. Gồm 15 căn hộGIÁ ĐÃ BAO GỒM (Dọ', 'Tòa nhà số 2 ngõ 224 Bưởi, Cống Vị, Ba Đình. ( Full đồ nội thất , Máy giặt sấy chung, có bảo vệ 24/24). Vị Trí: ô tô đỗ cách nhà 10m. Gồm 15 căn hộGIÁ ĐÃ BAO GỒM (Dọ', NULL, NULL, NULL, 'phong-702', 'phong-702', 'phong-702', 2, NULL, '2023-07-10 00:03:06', '2023-07-10 00:03:06'),
	(27, 'Phòng 801', 'Phòng 801', 'Phòng 801', '<p>Tòa nhà số 2 ngõ 224 Bưởi, Cống Vị, Ba Đình. ( Full đồ nội thất , Máy giặt sấy chung, có bảo vệ 24/24). Vị Trí: ô tô đỗ cách nhà 10m. Gồm 15 căn hộ<br>GIÁ ĐÃ BAO GỒM (Dọn phòng và giặt đồ 2 lần/tuần,nước sinh hoạt, vệ sinh chung, wifi, điện nước máy giặt chung, bảo trì thang máy, bảo vệ 24/24, gửi 1 xe máy).Chưa bao gồm VAT, Tiền điện 3.900đ/1 số,. KHÔNG NUÔI ĐỘNG VẬT</p>', '<p>Tòa nhà số 2 ngõ 224 Bưởi, Cống Vị, Ba Đình. ( Full đồ nội thất , Máy giặt sấy chung, có bảo vệ 24/24). Vị Trí: ô tô đỗ cách nhà 10m. Gồm 15 căn hộ<br>GIÁ ĐÃ BAO GỒM (Dọn phòng và giặt đồ 2 lần/tuần,nước sinh hoạt, vệ sinh chung, wifi, điện nước máy giặt chung, bảo trì thang máy, bảo vệ 24/24, gửi 1 xe máy).Chưa bao gồm VAT, Tiền điện 3.900đ/1 số,. KHÔNG NUÔI ĐỘNG VẬT</p>', '<p>Tòa nhà số 2 ngõ 224 Bưởi, Cống Vị, Ba Đình. ( Full đồ nội thất , Máy giặt sấy chung, có bảo vệ 24/24). Vị Trí: ô tô đỗ cách nhà 10m. Gồm 15 căn hộ<br>GIÁ ĐÃ BAO GỒM (Dọn phòng và giặt đồ 2 lần/tuần,nước sinh hoạt, vệ sinh chung, wifi, điện nước máy giặt chung, bảo trì thang máy, bảo vệ 24/24, gửi 1 xe máy).Chưa bao gồm VAT, Tiền điện 3.900đ/1 số,. KHÔNG NUÔI ĐỘNG VẬT</p>', '2023-07-10', NULL, NULL, NULL, NULL, NULL, NULL, NULL, 1, 0, 5, 0, 13, NULL, NULL, 'Phòng 801', 'Phòng 801', 'Phòng 801', 'Tòa nhà số 2 ngõ 224 Bưởi, Cống Vị, Ba Đình. ( Full đồ nội thất , Máy giặt sấy chung, có bảo vệ 24/24). Vị Trí: ô tô đỗ cách nhà 10m. Gồm 15 căn hộGIÁ ĐÃ BAO GỒM (Dọ', 'Tòa nhà số 2 ngõ 224 Bưởi, Cống Vị, Ba Đình. ( Full đồ nội thất , Máy giặt sấy chung, có bảo vệ 24/24). Vị Trí: ô tô đỗ cách nhà 10m. Gồm 15 căn hộGIÁ ĐÃ BAO GỒM (Dọ', 'Tòa nhà số 2 ngõ 224 Bưởi, Cống Vị, Ba Đình. ( Full đồ nội thất , Máy giặt sấy chung, có bảo vệ 24/24). Vị Trí: ô tô đỗ cách nhà 10m. Gồm 15 căn hộGIÁ ĐÃ BAO GỒM (Dọ', NULL, NULL, NULL, 'phong-801', 'phong-801', 'phong-801', 2, NULL, '2023-07-10 00:03:06', '2023-07-10 00:03:06'),
	(28, 'Phòng 301', 'Phòng 301', 'Phòng 301', '<p>Tòa nhà số B5 ngõ 535 Kim Mã, Ngọc Khánh, Ba Đình. ( Full đồ nội thất , Máy giặt sấy chung). Vị Trí: Gần trường RMIT, cách hồ ngọc khánh 50m. Gồm 7 căn hộ 1N1K <br>GIÁ ĐÃ BAO GỒM (Dọn phòng và giặt đồ 2 lần/tuần,nước sinh hoạt, vệ sinh chung, wifi, điện nước máy giặt chung, bảo trì thang máy,  gửi 1 xe máy).Chưa bao gồm VAT, Tiền điện 3.900đ/1 số,. KHÔNG NUÔI ĐỘNG VẬT</p>', '<p>Tòa nhà số B5 ngõ 535 Kim Mã, Ngọc Khánh, Ba Đình. ( Full đồ nội thất , Máy giặt sấy chung). Vị Trí: Gần trường RMIT, cách hồ ngọc khánh 50m. Gồm 7 căn hộ 1N1K <br>GIÁ ĐÃ BAO GỒM (Dọn phòng và giặt đồ 2 lần/tuần,nước sinh hoạt, vệ sinh chung, wifi, điện nước máy giặt chung, bảo trì thang máy,  gửi 1 xe máy).Chưa bao gồm VAT, Tiền điện 3.900đ/1 số,. KHÔNG NUÔI ĐỘNG VẬT</p>', '<p>Tòa nhà số B5 ngõ 535 Kim Mã, Ngọc Khánh, Ba Đình. ( Full đồ nội thất , Máy giặt sấy chung). Vị Trí: Gần trường RMIT, cách hồ ngọc khánh 50m. Gồm 7 căn hộ 1N1K <br>GIÁ ĐÃ BAO GỒM (Dọn phòng và giặt đồ 2 lần/tuần,nước sinh hoạt, vệ sinh chung, wifi, điện nước máy giặt chung, bảo trì thang máy,  gửi 1 xe máy).Chưa bao gồm VAT, Tiền điện 3.900đ/1 số,. KHÔNG NUÔI ĐỘNG VẬT</p>', '2023-07-10', NULL, NULL, NULL, NULL, NULL, NULL, NULL, 1, 0, 5, 0, 14, NULL, NULL, 'Phòng 301', 'Phòng 301', 'Phòng 301', 'Tòa nhà số B5 ngõ 535 Kim Mã, Ngọc Khánh, Ba Đình. ( Full đồ nội thất , Máy giặt sấy chung). Vị Trí: Gần trường RMIT, cách hồ ngọc khánh 50m. Gồm 7 căn hộ 1N1K GIÁ Đ', 'Tòa nhà số B5 ngõ 535 Kim Mã, Ngọc Khánh, Ba Đình. ( Full đồ nội thất , Máy giặt sấy chung). Vị Trí: Gần trường RMIT, cách hồ ngọc khánh 50m. Gồm 7 căn hộ 1N1K GIÁ Đ', 'Tòa nhà số B5 ngõ 535 Kim Mã, Ngọc Khánh, Ba Đình. ( Full đồ nội thất , Máy giặt sấy chung). Vị Trí: Gần trường RMIT, cách hồ ngọc khánh 50m. Gồm 7 căn hộ 1N1K GIÁ Đ', NULL, NULL, NULL, 'phong-301', 'phong-301', 'phong-301', 2, NULL, '2023-07-10 00:03:06', '2023-07-10 00:03:06'),
	(29, 'Phòng 701', 'Phòng 701', 'Phòng 701', '<p>Tòa nhà số B5 ngõ 535 Kim Mã, Ngọc Khánh, Ba Đình. ( Full đồ nội thất , Máy giặt sấy chung). Vị Trí: Gần trường RMIT, cách hồ ngọc khánh 50m. Gồm 7 căn hộ 1N1K <br>GIÁ ĐÃ BAO GỒM (Dọn phòng và giặt đồ 2 lần/tuần,nước sinh hoạt, vệ sinh chung, wifi, điện nước máy giặt chung, bảo trì thang máy,  gửi 1 xe máy).Chưa bao gồm VAT, Tiền điện 3.900đ/1 số,. KHÔNG NUÔI ĐỘNG VẬT</p>', '<p>Tòa nhà số B5 ngõ 535 Kim Mã, Ngọc Khánh, Ba Đình. ( Full đồ nội thất , Máy giặt sấy chung). Vị Trí: Gần trường RMIT, cách hồ ngọc khánh 50m. Gồm 7 căn hộ 1N1K <br>GIÁ ĐÃ BAO GỒM (Dọn phòng và giặt đồ 2 lần/tuần,nước sinh hoạt, vệ sinh chung, wifi, điện nước máy giặt chung, bảo trì thang máy,  gửi 1 xe máy).Chưa bao gồm VAT, Tiền điện 3.900đ/1 số,. KHÔNG NUÔI ĐỘNG VẬT</p>', '<p>Tòa nhà số B5 ngõ 535 Kim Mã, Ngọc Khánh, Ba Đình. ( Full đồ nội thất , Máy giặt sấy chung). Vị Trí: Gần trường RMIT, cách hồ ngọc khánh 50m. Gồm 7 căn hộ 1N1K <br>GIÁ ĐÃ BAO GỒM (Dọn phòng và giặt đồ 2 lần/tuần,nước sinh hoạt, vệ sinh chung, wifi, điện nước máy giặt chung, bảo trì thang máy,  gửi 1 xe máy).Chưa bao gồm VAT, Tiền điện 3.900đ/1 số,. KHÔNG NUÔI ĐỘNG VẬT</p>', '2023-07-10', NULL, NULL, NULL, NULL, NULL, NULL, NULL, 1, 0, 5, 0, 15, NULL, NULL, 'Phòng 701', 'Phòng 701', 'Phòng 701', 'Tòa nhà số B5 ngõ 535 Kim Mã, Ngọc Khánh, Ba Đình. ( Full đồ nội thất , Máy giặt sấy chung). Vị Trí: Gần trường RMIT, cách hồ ngọc khánh 50m. Gồm 7 căn hộ 1N1K GIÁ Đ', 'Tòa nhà số B5 ngõ 535 Kim Mã, Ngọc Khánh, Ba Đình. ( Full đồ nội thất , Máy giặt sấy chung). Vị Trí: Gần trường RMIT, cách hồ ngọc khánh 50m. Gồm 7 căn hộ 1N1K GIÁ Đ', 'Tòa nhà số B5 ngõ 535 Kim Mã, Ngọc Khánh, Ba Đình. ( Full đồ nội thất , Máy giặt sấy chung). Vị Trí: Gần trường RMIT, cách hồ ngọc khánh 50m. Gồm 7 căn hộ 1N1K GIÁ Đ', NULL, NULL, NULL, 'phong-701-1', 'phong-701-1', 'phong-701-1', 2, NULL, '2023-07-10 00:03:06', '2023-07-10 00:03:06'),
	(30, 'MBKD', 'MBKD', 'MBKD', '<p>T&ograve;a nh&agrave; số 30 Y&ecirc;n Hoa, Y&ecirc;n Phụ T&acirc;y Hồ. ( Full đồ nội thất , M&aacute;y giặt ri&ecirc;ng từng ph&ograve;ng). Vị Tr&iacute;: Mặt hồ t&acirc;y, gần đường thanh ni&ecirc;n, ch&ugrave;a trấn quốc, y&ecirc;n phụ. Gồm 1 MBKD + 8 căn hộ.<br />\r\nGI&Aacute; Đ&Atilde; BAO GỒM (Dọn ph&ograve;ng 1 lần/tuần,nước sinh hoạt, vệ sinh chung, wifi, điện nước m&aacute;y giặt chung, bảo tr&igrave; thang m&aacute;y, gửi 1 xe m&aacute;y).Chưa bao gồm VAT, Tiền điện 3.900đ/1 số,. KH&Ocirc;NG NU&Ocirc;I ĐỘNG VẬT</p>', '<p>T&ograve;a nh&agrave; số 30 Y&ecirc;n Hoa, Y&ecirc;n Phụ T&acirc;y Hồ. ( Full đồ nội thất , M&aacute;y giặt ri&ecirc;ng từng ph&ograve;ng). Vị Tr&iacute;: Mặt hồ t&acirc;y, gần đường thanh ni&ecirc;n, ch&ugrave;a trấn quốc, y&ecirc;n phụ. Gồm 1 MBKD + 8 căn hộ.<br />\r\nGI&Aacute; Đ&Atilde; BAO GỒM (Dọn ph&ograve;ng 1 lần/tuần,nước sinh hoạt, vệ sinh chung, wifi, điện nước m&aacute;y giặt chung, bảo tr&igrave; thang m&aacute;y, gửi 1 xe m&aacute;y).Chưa bao gồm VAT, Tiền điện 3.900đ/1 số,. KH&Ocirc;NG NU&Ocirc;I ĐỘNG VẬT</p>', '<p>T&ograve;a nh&agrave; số 30 Y&ecirc;n Hoa, Y&ecirc;n Phụ T&acirc;y Hồ. ( Full đồ nội thất , M&aacute;y giặt ri&ecirc;ng từng ph&ograve;ng). Vị Tr&iacute;: Mặt hồ t&acirc;y, gần đường thanh ni&ecirc;n, ch&ugrave;a trấn quốc, y&ecirc;n phụ. Gồm 1 MBKD + 8 căn hộ.<br />\r\nGI&Aacute; Đ&Atilde; BAO GỒM (Dọn ph&ograve;ng 1 lần/tuần,nước sinh hoạt, vệ sinh chung, wifi, điện nước m&aacute;y giặt chung, bảo tr&igrave; thang m&aacute;y, gửi 1 xe m&aacute;y).Chưa bao gồm VAT, Tiền điện 3.900đ/1 số,. KH&Ocirc;NG NU&Ocirc;I ĐỘNG VẬT</p>', '2023-07-10', NULL, NULL, NULL, NULL, NULL, NULL, NULL, 1, 0, 5, 0, 16, NULL, NULL, 'MBKD', 'MBKD', 'MBKD', 'Tòa nhà số 30 Yên Hoa, Yên Phụ Tây Hồ. ( Full đồ nội thất , Máy giặt riêng từng phòng). Vị Trí: Mặt hồ tây, gần đường thanh niên, chùa trấn quốc, yên phụ. Gồm 1 MBKD', 'Tòa nhà số 30 Yên Hoa, Yên Phụ Tây Hồ. ( Full đồ nội thất , Máy giặt riêng từng phòng). Vị Trí: Mặt hồ tây, gần đường thanh niên, chùa trấn quốc, yên phụ. Gồm 1 MBKD', 'Tòa nhà số 30 Yên Hoa, Yên Phụ Tây Hồ. ( Full đồ nội thất , Máy giặt riêng từng phòng). Vị Trí: Mặt hồ tây, gần đường thanh niên, chùa trấn quốc, yên phụ. Gồm 1 MBKD', NULL, NULL, NULL, 'mbkd', 'mbkd', 'mbkd', 2, 2, '2023-07-10 00:03:06', '2023-07-10 00:38:24'),
	(31, 'Phòng 301', 'Phòng 301', 'Phòng 301', '<p>Tòa nhà số 30 Yên Hoa, Yên Phụ Tây Hồ. ( Full đồ nội thất , Máy giặt riêng từng phòng). Vị Trí: Mặt hồ tây, gần đường thanh niên, chùa trấn quốc, yên phụ. Gồm 1 MBKD + 8 căn hộ.<br>GIÁ ĐÃ BAO GỒM (Dọn phòng 1 lần/tuần,nước sinh hoạt, vệ sinh chung, wifi, điện nước máy giặt chung, bảo trì thang máy, gửi 1 xe máy).Chưa bao gồm VAT, Tiền điện 3.900đ/1 số,. KHÔNG NUÔI ĐỘNG VẬT</p>', '<p>Tòa nhà số 30 Yên Hoa, Yên Phụ Tây Hồ. ( Full đồ nội thất , Máy giặt riêng từng phòng). Vị Trí: Mặt hồ tây, gần đường thanh niên, chùa trấn quốc, yên phụ. Gồm 1 MBKD + 8 căn hộ.<br>GIÁ ĐÃ BAO GỒM (Dọn phòng 1 lần/tuần,nước sinh hoạt, vệ sinh chung, wifi, điện nước máy giặt chung, bảo trì thang máy, gửi 1 xe máy).Chưa bao gồm VAT, Tiền điện 3.900đ/1 số,. KHÔNG NUÔI ĐỘNG VẬT</p>', '<p>Tòa nhà số 30 Yên Hoa, Yên Phụ Tây Hồ. ( Full đồ nội thất , Máy giặt riêng từng phòng). Vị Trí: Mặt hồ tây, gần đường thanh niên, chùa trấn quốc, yên phụ. Gồm 1 MBKD + 8 căn hộ.<br>GIÁ ĐÃ BAO GỒM (Dọn phòng 1 lần/tuần,nước sinh hoạt, vệ sinh chung, wifi, điện nước máy giặt chung, bảo trì thang máy, gửi 1 xe máy).Chưa bao gồm VAT, Tiền điện 3.900đ/1 số,. KHÔNG NUÔI ĐỘNG VẬT</p>', '2023-07-10', NULL, NULL, NULL, NULL, NULL, NULL, NULL, 1, 0, 5, 0, 17, NULL, NULL, 'Phòng 301', 'Phòng 301', 'Phòng 301', 'Tòa nhà số 30 Yên Hoa, Yên Phụ Tây Hồ. ( Full đồ nội thất , Máy giặt riêng từng phòng). Vị Trí: Mặt hồ tây, gần đường thanh niên, chùa trấn quốc, yên phụ. Gồm 1 MBKD', 'Tòa nhà số 30 Yên Hoa, Yên Phụ Tây Hồ. ( Full đồ nội thất , Máy giặt riêng từng phòng). Vị Trí: Mặt hồ tây, gần đường thanh niên, chùa trấn quốc, yên phụ. Gồm 1 MBKD', 'Tòa nhà số 30 Yên Hoa, Yên Phụ Tây Hồ. ( Full đồ nội thất , Máy giặt riêng từng phòng). Vị Trí: Mặt hồ tây, gần đường thanh niên, chùa trấn quốc, yên phụ. Gồm 1 MBKD', NULL, NULL, NULL, 'phong-301-1', 'phong-301-1', 'phong-301-1', 2, NULL, '2023-07-10 00:03:06', '2023-07-10 00:03:06'),
	(32, 'Phòng 502', 'Phòng 502', 'Phòng 502', '<p>Tòa nhà số 30 Yên Hoa, Yên Phụ Tây Hồ. ( Full đồ nội thất , Máy giặt riêng từng phòng). Vị Trí: Mặt hồ tây, gần đường thanh niên, chùa trấn quốc, yên phụ. Gồm 1 MBKD + 8 căn hộ.<br>GIÁ ĐÃ BAO GỒM (Dọn phòng 1 lần/tuần,nước sinh hoạt, vệ sinh chung, wifi, điện nước máy giặt chung, bảo trì thang máy, gửi 1 xe máy).Chưa bao gồm VAT, Tiền điện 3.900đ/1 số,. KHÔNG NUÔI ĐỘNG VẬT</p>', '<p>Tòa nhà số 30 Yên Hoa, Yên Phụ Tây Hồ. ( Full đồ nội thất , Máy giặt riêng từng phòng). Vị Trí: Mặt hồ tây, gần đường thanh niên, chùa trấn quốc, yên phụ. Gồm 1 MBKD + 8 căn hộ.<br>GIÁ ĐÃ BAO GỒM (Dọn phòng 1 lần/tuần,nước sinh hoạt, vệ sinh chung, wifi, điện nước máy giặt chung, bảo trì thang máy, gửi 1 xe máy).Chưa bao gồm VAT, Tiền điện 3.900đ/1 số,. KHÔNG NUÔI ĐỘNG VẬT</p>', '<p>Tòa nhà số 30 Yên Hoa, Yên Phụ Tây Hồ. ( Full đồ nội thất , Máy giặt riêng từng phòng). Vị Trí: Mặt hồ tây, gần đường thanh niên, chùa trấn quốc, yên phụ. Gồm 1 MBKD + 8 căn hộ.<br>GIÁ ĐÃ BAO GỒM (Dọn phòng 1 lần/tuần,nước sinh hoạt, vệ sinh chung, wifi, điện nước máy giặt chung, bảo trì thang máy, gửi 1 xe máy).Chưa bao gồm VAT, Tiền điện 3.900đ/1 số,. KHÔNG NUÔI ĐỘNG VẬT</p>', '2023-07-10', NULL, NULL, NULL, NULL, NULL, NULL, NULL, 1, 0, 5, 0, 18, NULL, NULL, 'Phòng 502', 'Phòng 502', 'Phòng 502', 'Tòa nhà số 30 Yên Hoa, Yên Phụ Tây Hồ. ( Full đồ nội thất , Máy giặt riêng từng phòng). Vị Trí: Mặt hồ tây, gần đường thanh niên, chùa trấn quốc, yên phụ. Gồm 1 MBKD', 'Tòa nhà số 30 Yên Hoa, Yên Phụ Tây Hồ. ( Full đồ nội thất , Máy giặt riêng từng phòng). Vị Trí: Mặt hồ tây, gần đường thanh niên, chùa trấn quốc, yên phụ. Gồm 1 MBKD', 'Tòa nhà số 30 Yên Hoa, Yên Phụ Tây Hồ. ( Full đồ nội thất , Máy giặt riêng từng phòng). Vị Trí: Mặt hồ tây, gần đường thanh niên, chùa trấn quốc, yên phụ. Gồm 1 MBKD', NULL, NULL, NULL, 'phong-502-1', 'phong-502-1', 'phong-502-1', 2, NULL, '2023-07-10 00:03:06', '2023-07-10 00:03:06'),
	(33, 'Phòng 201', 'Phòng 201', 'Phòng 201', '<p>Tòa nhà số 22/2/535 Kim Mã ( Full đồ nội thất , Máy giặt riêng từng phòng). Vị Trí: Ô tô đỗ cửa, cách hồ Phạm Huy Thông 30m, gần trưởng RMIT<br>GIÁ ĐÃ BAO GỒM (Dọn phòng và giặt đồ 2 lần/tuần,nước sinh hoạt, vệ sinh chung, wifi, điện nước máy giặt chung, bảo trì thang máy, bảo vệ 24/24, gửi 1 xe máy).Chưa bao gồm VAT, Tiền điện 3.900đ/1 số.KHÔNG NUÔI ĐỘNG VẬT</p>', '<p>Tòa nhà số 22/2/535 Kim Mã ( Full đồ nội thất , Máy giặt riêng từng phòng). Vị Trí: Ô tô đỗ cửa, cách hồ Phạm Huy Thông 30m, gần trưởng RMIT<br>GIÁ ĐÃ BAO GỒM (Dọn phòng và giặt đồ 2 lần/tuần,nước sinh hoạt, vệ sinh chung, wifi, điện nước máy giặt chung, bảo trì thang máy, bảo vệ 24/24, gửi 1 xe máy).Chưa bao gồm VAT, Tiền điện 3.900đ/1 số.KHÔNG NUÔI ĐỘNG VẬT</p>', '<p>Tòa nhà số 22/2/535 Kim Mã ( Full đồ nội thất , Máy giặt riêng từng phòng). Vị Trí: Ô tô đỗ cửa, cách hồ Phạm Huy Thông 30m, gần trưởng RMIT<br>GIÁ ĐÃ BAO GỒM (Dọn phòng và giặt đồ 2 lần/tuần,nước sinh hoạt, vệ sinh chung, wifi, điện nước máy giặt chung, bảo trì thang máy, bảo vệ 24/24, gửi 1 xe máy).Chưa bao gồm VAT, Tiền điện 3.900đ/1 số.KHÔNG NUÔI ĐỘNG VẬT</p>', '2023-07-10', NULL, NULL, NULL, NULL, NULL, NULL, NULL, 1, 0, 5, 0, 19, NULL, NULL, 'Phòng 201', 'Phòng 201', 'Phòng 201', 'Tòa nhà số 22/2/535 Kim Mã ( Full đồ nội thất , Máy giặt riêng từng phòng). Vị Trí: Ô tô đỗ cửa, cách hồ Phạm Huy Thông 30m, gần trưởng RMITGIÁ ĐÃ BAO GỒM (Dọn phòng', 'Tòa nhà số 22/2/535 Kim Mã ( Full đồ nội thất , Máy giặt riêng từng phòng). Vị Trí: Ô tô đỗ cửa, cách hồ Phạm Huy Thông 30m, gần trưởng RMITGIÁ ĐÃ BAO GỒM (Dọn phòng', 'Tòa nhà số 22/2/535 Kim Mã ( Full đồ nội thất , Máy giặt riêng từng phòng). Vị Trí: Ô tô đỗ cửa, cách hồ Phạm Huy Thông 30m, gần trưởng RMITGIÁ ĐÃ BAO GỒM (Dọn phòng', NULL, NULL, NULL, 'phong-201-2', 'phong-201-2', 'phong-201-2', 2, NULL, '2023-07-10 00:03:06', '2023-07-10 00:03:06'),
	(34, 'Phòng 202', 'Phòng 202', 'Phòng 202', '<p>Tòa nhà số 22/2/535 Kim Mã ( Full đồ nội thất , Máy giặt riêng từng phòng). Vị Trí: Ô tô đỗ cửa, cách hồ Phạm Huy Thông 30m, gần trưởng RMIT<br>GIÁ ĐÃ BAO GỒM (Dọn phòng và giặt đồ 2 lần/tuần,nước sinh hoạt, vệ sinh chung, wifi, điện nước máy giặt chung, bảo trì thang máy, bảo vệ 24/24, gửi 1 xe máy).Chưa bao gồm VAT, Tiền điện 3.900đ/1 số.KHÔNG NUÔI ĐỘNG VẬT</p>', '<p>Tòa nhà số 22/2/535 Kim Mã ( Full đồ nội thất , Máy giặt riêng từng phòng). Vị Trí: Ô tô đỗ cửa, cách hồ Phạm Huy Thông 30m, gần trưởng RMIT<br>GIÁ ĐÃ BAO GỒM (Dọn phòng và giặt đồ 2 lần/tuần,nước sinh hoạt, vệ sinh chung, wifi, điện nước máy giặt chung, bảo trì thang máy, bảo vệ 24/24, gửi 1 xe máy).Chưa bao gồm VAT, Tiền điện 3.900đ/1 số.KHÔNG NUÔI ĐỘNG VẬT</p>', '<p>Tòa nhà số 22/2/535 Kim Mã ( Full đồ nội thất , Máy giặt riêng từng phòng). Vị Trí: Ô tô đỗ cửa, cách hồ Phạm Huy Thông 30m, gần trưởng RMIT<br>GIÁ ĐÃ BAO GỒM (Dọn phòng và giặt đồ 2 lần/tuần,nước sinh hoạt, vệ sinh chung, wifi, điện nước máy giặt chung, bảo trì thang máy, bảo vệ 24/24, gửi 1 xe máy).Chưa bao gồm VAT, Tiền điện 3.900đ/1 số.KHÔNG NUÔI ĐỘNG VẬT</p>', '2023-07-10', NULL, NULL, NULL, NULL, NULL, NULL, NULL, 1, 0, 5, 0, 20, NULL, NULL, 'Phòng 202', 'Phòng 202', 'Phòng 202', 'Tòa nhà số 22/2/535 Kim Mã ( Full đồ nội thất , Máy giặt riêng từng phòng). Vị Trí: Ô tô đỗ cửa, cách hồ Phạm Huy Thông 30m, gần trưởng RMITGIÁ ĐÃ BAO GỒM (Dọn phòng', 'Tòa nhà số 22/2/535 Kim Mã ( Full đồ nội thất , Máy giặt riêng từng phòng). Vị Trí: Ô tô đỗ cửa, cách hồ Phạm Huy Thông 30m, gần trưởng RMITGIÁ ĐÃ BAO GỒM (Dọn phòng', 'Tòa nhà số 22/2/535 Kim Mã ( Full đồ nội thất , Máy giặt riêng từng phòng). Vị Trí: Ô tô đỗ cửa, cách hồ Phạm Huy Thông 30m, gần trưởng RMITGIÁ ĐÃ BAO GỒM (Dọn phòng', NULL, NULL, NULL, 'phong-202', 'phong-202', 'phong-202', 2, NULL, '2023-07-10 00:03:06', '2023-07-10 00:03:06'),
	(35, 'Phòng 302', 'Phòng 302', 'Phòng 302', '<p>Tòa nhà số 22/2/535 Kim Mã ( Full đồ nội thất , Máy giặt riêng từng phòng). Vị Trí: Ô tô đỗ cửa, cách hồ Phạm Huy Thông 30m, gần trưởng RMIT<br>GIÁ ĐÃ BAO GỒM (Dọn phòng và giặt đồ 2 lần/tuần,nước sinh hoạt, vệ sinh chung, wifi, điện nước máy giặt chung, bảo trì thang máy, bảo vệ 24/24, gửi 1 xe máy).Chưa bao gồm VAT, Tiền điện 3.900đ/1 số.KHÔNG NUÔI ĐỘNG VẬT</p>', '<p>Tòa nhà số 22/2/535 Kim Mã ( Full đồ nội thất , Máy giặt riêng từng phòng). Vị Trí: Ô tô đỗ cửa, cách hồ Phạm Huy Thông 30m, gần trưởng RMIT<br>GIÁ ĐÃ BAO GỒM (Dọn phòng và giặt đồ 2 lần/tuần,nước sinh hoạt, vệ sinh chung, wifi, điện nước máy giặt chung, bảo trì thang máy, bảo vệ 24/24, gửi 1 xe máy).Chưa bao gồm VAT, Tiền điện 3.900đ/1 số.KHÔNG NUÔI ĐỘNG VẬT</p>', '<p>Tòa nhà số 22/2/535 Kim Mã ( Full đồ nội thất , Máy giặt riêng từng phòng). Vị Trí: Ô tô đỗ cửa, cách hồ Phạm Huy Thông 30m, gần trưởng RMIT<br>GIÁ ĐÃ BAO GỒM (Dọn phòng và giặt đồ 2 lần/tuần,nước sinh hoạt, vệ sinh chung, wifi, điện nước máy giặt chung, bảo trì thang máy, bảo vệ 24/24, gửi 1 xe máy).Chưa bao gồm VAT, Tiền điện 3.900đ/1 số.KHÔNG NUÔI ĐỘNG VẬT</p>', '2023-07-10', NULL, NULL, NULL, NULL, NULL, NULL, NULL, 1, 0, 5, 0, 21, NULL, NULL, 'Phòng 302', 'Phòng 302', 'Phòng 302', 'Tòa nhà số 22/2/535 Kim Mã ( Full đồ nội thất , Máy giặt riêng từng phòng). Vị Trí: Ô tô đỗ cửa, cách hồ Phạm Huy Thông 30m, gần trưởng RMITGIÁ ĐÃ BAO GỒM (Dọn phòng', 'Tòa nhà số 22/2/535 Kim Mã ( Full đồ nội thất , Máy giặt riêng từng phòng). Vị Trí: Ô tô đỗ cửa, cách hồ Phạm Huy Thông 30m, gần trưởng RMITGIÁ ĐÃ BAO GỒM (Dọn phòng', 'Tòa nhà số 22/2/535 Kim Mã ( Full đồ nội thất , Máy giặt riêng từng phòng). Vị Trí: Ô tô đỗ cửa, cách hồ Phạm Huy Thông 30m, gần trưởng RMITGIÁ ĐÃ BAO GỒM (Dọn phòng', NULL, NULL, NULL, 'phong-302-1', 'phong-302-1', 'phong-302-1', 2, NULL, '2023-07-10 00:03:06', '2023-07-10 00:03:06'),
	(36, 'Phòng 601', 'Phòng 601', 'Phòng 601', '<p>T&ograve;a nh&agrave; số 22/2/535 Kim M&atilde; ( Full đồ nội thất , M&aacute;y giặt ri&ecirc;ng từng ph&ograve;ng). Vị Tr&iacute;: &Ocirc; t&ocirc; đỗ cửa, c&aacute;ch hồ Phạm Huy Th&ocirc;ng 30m, gần trưởng RMIT<br />\r\nGI&Aacute; Đ&Atilde; BAO GỒM (Dọn ph&ograve;ng v&agrave; giặt đồ 2 lần/tuần,nước sinh hoạt, vệ sinh chung, wifi, điện nước m&aacute;y giặt chung, bảo tr&igrave; thang m&aacute;y, bảo vệ 24/24, gửi 1 xe m&aacute;y).Chưa bao gồm VAT, Tiền điện 3.900đ/1 số.KH&Ocirc;NG NU&Ocirc;I ĐỘNG VẬT</p>', '<p>T&ograve;a nh&agrave; số 22/2/535 Kim M&atilde; ( Full đồ nội thất , M&aacute;y giặt ri&ecirc;ng từng ph&ograve;ng). Vị Tr&iacute;: &Ocirc; t&ocirc; đỗ cửa, c&aacute;ch hồ Phạm Huy Th&ocirc;ng 30m, gần trưởng RMIT<br />\r\nGI&Aacute; Đ&Atilde; BAO GỒM (Dọn ph&ograve;ng v&agrave; giặt đồ 2 lần/tuần,nước sinh hoạt, vệ sinh chung, wifi, điện nước m&aacute;y giặt chung, bảo tr&igrave; thang m&aacute;y, bảo vệ 24/24, gửi 1 xe m&aacute;y).Chưa bao gồm VAT, Tiền điện 3.900đ/1 số.KH&Ocirc;NG NU&Ocirc;I ĐỘNG VẬT</p>', '<p>T&ograve;a nh&agrave; số 22/2/535 Kim M&atilde; ( Full đồ nội thất , M&aacute;y giặt ri&ecirc;ng từng ph&ograve;ng). Vị Tr&iacute;: &Ocirc; t&ocirc; đỗ cửa, c&aacute;ch hồ Phạm Huy Th&ocirc;ng 30m, gần trưởng RMIT<br />\r\nGI&Aacute; Đ&Atilde; BAO GỒM (Dọn ph&ograve;ng v&agrave; giặt đồ 2 lần/tuần,nước sinh hoạt, vệ sinh chung, wifi, điện nước m&aacute;y giặt chung, bảo tr&igrave; thang m&aacute;y, bảo vệ 24/24, gửi 1 xe m&aacute;y).Chưa bao gồm VAT, Tiền điện 3.900đ/1 số.KH&Ocirc;NG NU&Ocirc;I ĐỘNG VẬT</p>', '2023-07-10', NULL, NULL, NULL, NULL, NULL, NULL, NULL, 1, 0, 5, 0, 22, NULL, NULL, 'Phòng 601', 'Phòng 601', 'Phòng 601', 'Tòa nhà số 22/2/535 Kim Mã ( Full đồ nội thất , Máy giặt riêng từng phòng). Vị Trí: Ô tô đỗ cửa, cách hồ Phạm Huy Thông 30m, gần trưởng RMITGIÁ ĐÃ BAO GỒM (Dọn phòng', 'Tòa nhà số 22/2/535 Kim Mã ( Full đồ nội thất , Máy giặt riêng từng phòng). Vị Trí: Ô tô đỗ cửa, cách hồ Phạm Huy Thông 30m, gần trưởng RMITGIÁ ĐÃ BAO GỒM (Dọn phòng', 'Tòa nhà số 22/2/535 Kim Mã ( Full đồ nội thất , Máy giặt riêng từng phòng). Vị Trí: Ô tô đỗ cửa, cách hồ Phạm Huy Thông 30m, gần trưởng RMITGIÁ ĐÃ BAO GỒM (Dọn phòng', NULL, NULL, NULL, 'phong-601-2', 'phong-601-2', 'phong-601-2', 2, 2, '2023-07-10 00:03:06', '2023-07-10 00:28:38');

-- Dumping data for table nine_housing.topic_categories: ~0 rows (approximately)
INSERT INTO `topic_categories` (`id`, `topic_id`, `section_id`, `created_at`, `updated_at`) VALUES
	(13, 14, 10, '2023-07-10 00:03:06', '2023-07-10 00:03:06'),
	(14, 15, 10, '2023-07-10 00:03:06', '2023-07-10 00:03:06'),
	(15, 16, 10, '2023-07-10 00:03:06', '2023-07-10 00:03:06'),
	(16, 17, 10, '2023-07-10 00:03:06', '2023-07-10 00:03:06'),
	(17, 18, 10, '2023-07-10 00:03:06', '2023-07-10 00:03:06'),
	(18, 19, 10, '2023-07-10 00:03:06', '2023-07-10 00:03:06'),
	(19, 20, 10, '2023-07-10 00:03:06', '2023-07-10 00:03:06'),
	(20, 21, 11, '2023-07-10 00:03:06', '2023-07-10 00:03:06'),
	(21, 22, 10, '2023-07-10 00:03:06', '2023-07-10 00:03:06'),
	(22, 23, 10, '2023-07-10 00:03:06', '2023-07-10 00:03:06'),
	(23, 24, 10, '2023-07-10 00:03:06', '2023-07-10 00:03:06'),
	(24, 25, 10, '2023-07-10 00:03:06', '2023-07-10 00:03:06'),
	(25, 26, 10, '2023-07-10 00:03:06', '2023-07-10 00:03:06'),
	(26, 27, 10, '2023-07-10 00:03:06', '2023-07-10 00:03:06'),
	(27, 28, 10, '2023-07-10 00:03:06', '2023-07-10 00:03:06'),
	(28, 29, 10, '2023-07-10 00:03:06', '2023-07-10 00:03:06'),
	(30, 31, 10, '2023-07-10 00:03:06', '2023-07-10 00:03:06'),
	(31, 32, 9, '2023-07-10 00:03:06', '2023-07-10 00:03:06'),
	(32, 33, 10, '2023-07-10 00:03:06', '2023-07-10 00:03:06'),
	(33, 34, 10, '2023-07-10 00:03:06', '2023-07-10 00:03:06'),
	(34, 35, 10, '2023-07-10 00:03:06', '2023-07-10 00:03:06'),
	(36, 36, 10, '2023-07-10 00:28:38', '2023-07-10 00:28:38'),
	(38, 30, 12, '2023-07-10 00:38:24', '2023-07-10 00:38:24'),
	(45, 7, 9, '2023-07-10 02:01:35', '2023-07-10 02:01:35'),
	(46, 10, 9, '2023-07-10 02:02:12', '2023-07-10 02:02:12'),
	(47, 11, 9, '2023-07-10 02:04:18', '2023-07-10 02:04:18'),
	(48, 12, 9, '2023-07-10 02:04:50', '2023-07-10 02:04:50'),
	(49, 13, 9, '2023-07-10 02:05:16', '2023-07-10 02:05:16');

-- Dumping data for table nine_housing.topic_fields: ~0 rows (approximately)
INSERT INTO `topic_fields` (`id`, `topic_id`, `field_id`, `field_value`, `created_at`, `updated_at`) VALUES
	(109, 14, 1, '1', '2023-07-10 00:03:06', '2023-07-10 00:03:06'),
	(110, 14, 2, '1', '2023-07-10 00:03:06', '2023-07-10 00:03:06'),
	(111, 14, 3, 'Tòa nhà 34 ngõ 12 đào tấn', '2023-07-10 00:03:06', '2023-07-10 00:03:06'),
	(112, 14, 4, '500', '2023-07-10 00:03:06', '2023-07-10 00:03:06'),
	(113, 14, 5, '2', '2023-07-10 00:03:06', '2023-07-10 00:03:06'),
	(114, 14, 6, '45m2', '2023-07-10 00:03:06', '2023-07-10 00:03:06'),
	(115, 14, 7, '1', '2023-07-10 00:03:06', '2023-07-10 00:03:06'),
	(116, 14, 8, '0', '2023-07-10 00:03:06', '2023-07-10 00:03:06'),
	(117, 14, 9, '1', '2023-07-10 00:03:06', '2023-07-10 00:03:06'),
	(118, 15, 1, '1', '2023-07-10 00:03:06', '2023-07-10 00:03:06'),
	(119, 15, 2, '1', '2023-07-10 00:03:06', '2023-07-10 00:03:06'),
	(120, 15, 3, 'Tòa nhà 34 ngõ 12 đào tấn', '2023-07-10 00:03:06', '2023-07-10 00:03:06'),
	(121, 15, 4, '550', '2023-07-10 00:03:06', '2023-07-10 00:03:06'),
	(122, 15, 5, '2', '2023-07-10 00:03:06', '2023-07-10 00:03:06'),
	(123, 15, 6, '45m2', '2023-07-10 00:03:06', '2023-07-10 00:03:06'),
	(124, 15, 7, '1', '2023-07-10 00:03:06', '2023-07-10 00:03:06'),
	(125, 15, 8, '0', '2023-07-10 00:03:06', '2023-07-10 00:03:06'),
	(126, 15, 9, '1', '2023-07-10 00:03:06', '2023-07-10 00:03:06'),
	(127, 16, 1, '1', '2023-07-10 00:03:06', '2023-07-10 00:03:06'),
	(128, 16, 2, '1', '2023-07-10 00:03:06', '2023-07-10 00:03:06'),
	(129, 16, 3, 'Tòa nhà 34 ngõ 12 đào tấn', '2023-07-10 00:03:06', '2023-07-10 00:03:06'),
	(130, 16, 4, '550', '2023-07-10 00:03:06', '2023-07-10 00:03:06'),
	(131, 16, 5, '2', '2023-07-10 00:03:06', '2023-07-10 00:03:06'),
	(132, 16, 6, '45m2', '2023-07-10 00:03:06', '2023-07-10 00:03:06'),
	(133, 16, 7, '1', '2023-07-10 00:03:06', '2023-07-10 00:03:06'),
	(134, 16, 8, '0', '2023-07-10 00:03:06', '2023-07-10 00:03:06'),
	(135, 16, 9, '1', '2023-07-10 00:03:06', '2023-07-10 00:03:06'),
	(136, 17, 1, '1', '2023-07-10 00:03:06', '2023-07-10 00:03:06'),
	(137, 17, 2, '1', '2023-07-10 00:03:06', '2023-07-10 00:03:06'),
	(138, 17, 3, 'Tòa nhà 34 ngõ 12 đào tấn', '2023-07-10 00:03:06', '2023-07-10 00:03:06'),
	(139, 17, 4, '550', '2023-07-10 00:03:06', '2023-07-10 00:03:06'),
	(140, 17, 5, '2', '2023-07-10 00:03:06', '2023-07-10 00:03:06'),
	(141, 17, 6, '45m2', '2023-07-10 00:03:06', '2023-07-10 00:03:06'),
	(142, 17, 7, '1', '2023-07-10 00:03:06', '2023-07-10 00:03:06'),
	(143, 17, 8, '0', '2023-07-10 00:03:06', '2023-07-10 00:03:06'),
	(144, 17, 9, '1', '2023-07-10 00:03:06', '2023-07-10 00:03:06'),
	(145, 18, 1, '1', '2023-07-10 00:03:06', '2023-07-10 00:03:06'),
	(146, 18, 2, '1', '2023-07-10 00:03:06', '2023-07-10 00:03:06'),
	(147, 18, 3, 'Tòa nhà 34 ngõ 12 đào tấn', '2023-07-10 00:03:06', '2023-07-10 00:03:06'),
	(148, 18, 4, '550', '2023-07-10 00:03:06', '2023-07-10 00:03:06'),
	(149, 18, 5, '2', '2023-07-10 00:03:06', '2023-07-10 00:03:06'),
	(150, 18, 6, '45m2', '2023-07-10 00:03:06', '2023-07-10 00:03:06'),
	(151, 18, 7, '1', '2023-07-10 00:03:06', '2023-07-10 00:03:06'),
	(152, 18, 8, '0', '2023-07-10 00:03:06', '2023-07-10 00:03:06'),
	(153, 18, 9, '1', '2023-07-10 00:03:06', '2023-07-10 00:03:06'),
	(154, 19, 1, '1', '2023-07-10 00:03:06', '2023-07-10 00:03:06'),
	(155, 19, 2, '1', '2023-07-10 00:03:06', '2023-07-10 00:03:06'),
	(156, 19, 3, 'Tòa nhà 34 ngõ 12 đào tấn', '2023-07-10 00:03:06', '2023-07-10 00:03:06'),
	(157, 19, 4, '550', '2023-07-10 00:03:06', '2023-07-10 00:03:06'),
	(158, 19, 5, '2', '2023-07-10 00:03:06', '2023-07-10 00:03:06'),
	(159, 19, 6, '45m2', '2023-07-10 00:03:06', '2023-07-10 00:03:06'),
	(160, 19, 7, '1', '2023-07-10 00:03:06', '2023-07-10 00:03:06'),
	(161, 19, 8, '0', '2023-07-10 00:03:06', '2023-07-10 00:03:06'),
	(162, 19, 9, '1', '2023-07-10 00:03:06', '2023-07-10 00:03:06'),
	(163, 20, 1, '1', '2023-07-10 00:03:06', '2023-07-10 00:03:06'),
	(164, 20, 2, '1', '2023-07-10 00:03:06', '2023-07-10 00:03:06'),
	(165, 20, 3, 'Tòa nhà 34 ngõ 12 đào tấn', '2023-07-10 00:03:06', '2023-07-10 00:03:06'),
	(166, 20, 4, '550', '2023-07-10 00:03:06', '2023-07-10 00:03:06'),
	(167, 20, 5, '2', '2023-07-10 00:03:06', '2023-07-10 00:03:06'),
	(168, 20, 6, '45m2', '2023-07-10 00:03:06', '2023-07-10 00:03:06'),
	(169, 20, 7, '1', '2023-07-10 00:03:06', '2023-07-10 00:03:06'),
	(170, 20, 8, '0', '2023-07-10 00:03:06', '2023-07-10 00:03:06'),
	(171, 20, 9, '1', '2023-07-10 00:03:06', '2023-07-10 00:03:06'),
	(172, 21, 1, '1', '2023-07-10 00:03:06', '2023-07-10 00:03:06'),
	(173, 21, 2, '1', '2023-07-10 00:03:06', '2023-07-10 00:03:06'),
	(174, 21, 3, 'Tòa nhà 103-A4 Lạc Chính, Trúc Bạch, Ba Đình.', '2023-07-10 00:03:06', '2023-07-10 00:03:06'),
	(175, 21, 4, '600', '2023-07-10 00:03:06', '2023-07-10 00:03:06'),
	(176, 21, 5, '2', '2023-07-10 00:03:06', '2023-07-10 00:03:06'),
	(177, 21, 6, '85m2', '2023-07-10 00:03:06', '2023-07-10 00:03:06'),
	(178, 21, 7, '1', '2023-07-10 00:03:06', '2023-07-10 00:03:06'),
	(179, 21, 8, '0', '2023-07-10 00:03:06', '2023-07-10 00:03:06'),
	(180, 21, 9, '1', '2023-07-10 00:03:06', '2023-07-10 00:03:06'),
	(181, 22, 1, '1', '2023-07-10 00:03:06', '2023-07-10 00:03:06'),
	(182, 22, 2, '1', '2023-07-10 00:03:06', '2023-07-10 00:03:06'),
	(183, 22, 3, 'Tòa nhà số 2 ngõ 224 Bưởi, Cống Vị, Ba Đình.', '2023-07-10 00:03:06', '2023-07-10 00:03:06'),
	(184, 22, 4, '450', '2023-07-10 00:03:06', '2023-07-10 00:03:06'),
	(185, 22, 5, '2', '2023-07-10 00:03:06', '2023-07-10 00:03:06'),
	(186, 22, 6, '45M2', '2023-07-10 00:03:06', '2023-07-10 00:03:06'),
	(187, 22, 7, '1', '2023-07-10 00:03:06', '2023-07-10 00:03:06'),
	(188, 22, 8, '0', '2023-07-10 00:03:06', '2023-07-10 00:03:06'),
	(189, 22, 9, '1', '2023-07-10 00:03:06', '2023-07-10 00:03:06'),
	(190, 23, 1, '1', '2023-07-10 00:03:06', '2023-07-10 00:03:06'),
	(191, 23, 2, '1', '2023-07-10 00:03:06', '2023-07-10 00:03:06'),
	(192, 23, 3, 'Tòa nhà số 2 ngõ 224 Bưởi, Cống Vị, Ba Đình.', '2023-07-10 00:03:06', '2023-07-10 00:03:06'),
	(193, 23, 4, '500', '2023-07-10 00:03:06', '2023-07-10 00:03:06'),
	(194, 23, 5, '2', '2023-07-10 00:03:06', '2023-07-10 00:03:06'),
	(195, 23, 6, '45M2', '2023-07-10 00:03:06', '2023-07-10 00:03:06'),
	(196, 23, 7, '1', '2023-07-10 00:03:06', '2023-07-10 00:03:06'),
	(197, 23, 8, '0', '2023-07-10 00:03:06', '2023-07-10 00:03:06'),
	(198, 23, 9, '1', '2023-07-10 00:03:06', '2023-07-10 00:03:06'),
	(199, 24, 1, '1', '2023-07-10 00:03:06', '2023-07-10 00:03:06'),
	(200, 24, 2, '1', '2023-07-10 00:03:06', '2023-07-10 00:03:06'),
	(201, 24, 3, 'Tòa nhà số 2 ngõ 224 Bưởi, Cống Vị, Ba Đình.', '2023-07-10 00:03:06', '2023-07-10 00:03:06'),
	(202, 24, 4, '500', '2023-07-10 00:03:06', '2023-07-10 00:03:06'),
	(203, 24, 5, '2', '2023-07-10 00:03:06', '2023-07-10 00:03:06'),
	(204, 24, 6, '45M2', '2023-07-10 00:03:06', '2023-07-10 00:03:06'),
	(205, 24, 7, '1', '2023-07-10 00:03:06', '2023-07-10 00:03:06'),
	(206, 24, 8, '0', '2023-07-10 00:03:06', '2023-07-10 00:03:06'),
	(207, 24, 9, '1', '2023-07-10 00:03:06', '2023-07-10 00:03:06'),
	(208, 25, 1, '1', '2023-07-10 00:03:06', '2023-07-10 00:03:06'),
	(209, 25, 2, '1', '2023-07-10 00:03:06', '2023-07-10 00:03:06'),
	(210, 25, 3, 'Tòa nhà số 2 ngõ 224 Bưởi, Cống Vị, Ba Đình.', '2023-07-10 00:03:06', '2023-07-10 00:03:06'),
	(211, 25, 4, '500', '2023-07-10 00:03:06', '2023-07-10 00:03:06'),
	(212, 25, 5, '2', '2023-07-10 00:03:06', '2023-07-10 00:03:06'),
	(213, 25, 6, '45M2', '2023-07-10 00:03:06', '2023-07-10 00:03:06'),
	(214, 25, 7, '1', '2023-07-10 00:03:06', '2023-07-10 00:03:06'),
	(215, 25, 8, '0', '2023-07-10 00:03:06', '2023-07-10 00:03:06'),
	(216, 25, 9, '1', '2023-07-10 00:03:06', '2023-07-10 00:03:06'),
	(217, 26, 1, '1', '2023-07-10 00:03:06', '2023-07-10 00:03:06'),
	(218, 26, 2, '1', '2023-07-10 00:03:06', '2023-07-10 00:03:06'),
	(219, 26, 3, 'Tòa nhà số 2 ngõ 224 Bưởi, Cống Vị, Ba Đình.', '2023-07-10 00:03:06', '2023-07-10 00:03:06'),
	(220, 26, 4, '500', '2023-07-10 00:03:06', '2023-07-10 00:03:06'),
	(221, 26, 5, '2', '2023-07-10 00:03:06', '2023-07-10 00:03:06'),
	(222, 26, 6, '40M2', '2023-07-10 00:03:06', '2023-07-10 00:03:06'),
	(223, 26, 7, '1', '2023-07-10 00:03:06', '2023-07-10 00:03:06'),
	(224, 26, 8, '0', '2023-07-10 00:03:06', '2023-07-10 00:03:06'),
	(225, 26, 9, '1', '2023-07-10 00:03:06', '2023-07-10 00:03:06'),
	(226, 27, 1, '1', '2023-07-10 00:03:06', '2023-07-10 00:03:06'),
	(227, 27, 2, '1', '2023-07-10 00:03:06', '2023-07-10 00:03:06'),
	(228, 27, 3, 'Tòa nhà số 2 ngõ 224 Bưởi, Cống Vị, Ba Đình.', '2023-07-10 00:03:06', '2023-07-10 00:03:06'),
	(229, 27, 4, '500', '2023-07-10 00:03:06', '2023-07-10 00:03:06'),
	(230, 27, 5, '2', '2023-07-10 00:03:06', '2023-07-10 00:03:06'),
	(231, 27, 6, '45M2', '2023-07-10 00:03:06', '2023-07-10 00:03:06'),
	(232, 27, 7, '1', '2023-07-10 00:03:06', '2023-07-10 00:03:06'),
	(233, 27, 8, '0', '2023-07-10 00:03:06', '2023-07-10 00:03:06'),
	(234, 27, 9, '1', '2023-07-10 00:03:06', '2023-07-10 00:03:06'),
	(235, 28, 1, '1', '2023-07-10 00:03:06', '2023-07-10 00:03:06'),
	(236, 28, 2, '1', '2023-07-10 00:03:06', '2023-07-10 00:03:06'),
	(237, 28, 3, 'Tòa nhà số B5 ngõ 535 Kim Mã, Ngọc Khánh, Ba Đình.', '2023-07-10 00:03:06', '2023-07-10 00:03:06'),
	(238, 28, 4, '500', '2023-07-10 00:03:06', '2023-07-10 00:03:06'),
	(239, 28, 5, '2', '2023-07-10 00:03:06', '2023-07-10 00:03:06'),
	(240, 28, 6, '60m2', '2023-07-10 00:03:06', '2023-07-10 00:03:06'),
	(241, 28, 7, '1', '2023-07-10 00:03:06', '2023-07-10 00:03:06'),
	(242, 28, 8, '0', '2023-07-10 00:03:06', '2023-07-10 00:03:06'),
	(243, 28, 9, '1', '2023-07-10 00:03:06', '2023-07-10 00:03:06'),
	(244, 29, 1, '1', '2023-07-10 00:03:06', '2023-07-10 00:03:06'),
	(245, 29, 2, '1', '2023-07-10 00:03:06', '2023-07-10 00:03:06'),
	(246, 29, 3, 'Tòa nhà số B5 ngõ 535 Kim Mã, Ngọc Khánh, Ba Đình.', '2023-07-10 00:03:06', '2023-07-10 00:03:06'),
	(247, 29, 4, '600', '2023-07-10 00:03:06', '2023-07-10 00:03:06'),
	(248, 29, 5, '2', '2023-07-10 00:03:06', '2023-07-10 00:03:06'),
	(249, 29, 6, '60m2', '2023-07-10 00:03:06', '2023-07-10 00:03:06'),
	(250, 29, 7, '1', '2023-07-10 00:03:06', '2023-07-10 00:03:06'),
	(251, 29, 8, '0', '2023-07-10 00:03:06', '2023-07-10 00:03:06'),
	(252, 29, 9, '1', '2023-07-10 00:03:06', '2023-07-10 00:03:06'),
	(262, 31, 1, '1', '2023-07-10 00:03:06', '2023-07-10 00:03:06'),
	(263, 31, 2, '1', '2023-07-10 00:03:06', '2023-07-10 00:03:06'),
	(264, 31, 3, 'Tòa nhà số 30 Yên Hoa, Yên Phụ Tây Hồ.', '2023-07-10 00:03:06', '2023-07-10 00:03:06'),
	(265, 31, 4, '650', '2023-07-10 00:03:06', '2023-07-10 00:03:06'),
	(266, 31, 5, '2', '2023-07-10 00:03:06', '2023-07-10 00:03:06'),
	(267, 31, 6, '60m2', '2023-07-10 00:03:06', '2023-07-10 00:03:06'),
	(268, 31, 7, '1', '2023-07-10 00:03:06', '2023-07-10 00:03:06'),
	(269, 31, 8, '0', '2023-07-10 00:03:06', '2023-07-10 00:03:06'),
	(270, 31, 9, '0', '2023-07-10 00:03:06', '2023-07-10 00:03:06'),
	(271, 32, 1, '1', '2023-07-10 00:03:06', '2023-07-10 00:03:06'),
	(272, 32, 2, '1', '2023-07-10 00:03:06', '2023-07-10 00:03:06'),
	(273, 32, 3, 'Tòa nhà số 30 Yên Hoa, Yên Phụ Tây Hồ.', '2023-07-10 00:03:06', '2023-07-10 00:03:06'),
	(274, 32, 4, '350', '2023-07-10 00:03:06', '2023-07-10 00:03:06'),
	(275, 32, 5, '2', '2023-07-10 00:03:06', '2023-07-10 00:03:06'),
	(276, 32, 6, '35m2', '2023-07-10 00:03:06', '2023-07-10 00:03:06'),
	(277, 32, 7, '1', '2023-07-10 00:03:06', '2023-07-10 00:03:06'),
	(278, 32, 8, '0', '2023-07-10 00:03:06', '2023-07-10 00:03:06'),
	(279, 32, 9, '1', '2023-07-10 00:03:06', '2023-07-10 00:03:06'),
	(280, 33, 1, '1', '2023-07-10 00:03:06', '2023-07-10 00:03:06'),
	(281, 33, 2, '1', '2023-07-10 00:03:06', '2023-07-10 00:03:06'),
	(282, 33, 3, 'Tòa nhà số 22/2/535 Kim Mã.', '2023-07-10 00:03:06', '2023-07-10 00:03:06'),
	(283, 33, 4, '700', '2023-07-10 00:03:06', '2023-07-10 00:03:06'),
	(284, 33, 5, '2', '2023-07-10 00:03:06', '2023-07-10 00:03:06'),
	(285, 33, 6, '45M2', '2023-07-10 00:03:06', '2023-07-10 00:03:06'),
	(286, 33, 7, '1', '2023-07-10 00:03:06', '2023-07-10 00:03:06'),
	(287, 33, 8, '0', '2023-07-10 00:03:06', '2023-07-10 00:03:06'),
	(288, 33, 9, '1', '2023-07-10 00:03:06', '2023-07-10 00:03:06'),
	(289, 34, 1, '1', '2023-07-10 00:03:06', '2023-07-10 00:03:06'),
	(290, 34, 2, '1', '2023-07-10 00:03:06', '2023-07-10 00:03:06'),
	(291, 34, 3, 'Tòa nhà số 22/2/535 Kim Mã.', '2023-07-10 00:03:06', '2023-07-10 00:03:06'),
	(292, 34, 4, '700', '2023-07-10 00:03:06', '2023-07-10 00:03:06'),
	(293, 34, 5, '2', '2023-07-10 00:03:06', '2023-07-10 00:03:06'),
	(294, 34, 6, '45M2', '2023-07-10 00:03:06', '2023-07-10 00:03:06'),
	(295, 34, 7, '1', '2023-07-10 00:03:06', '2023-07-10 00:03:06'),
	(296, 34, 8, '0', '2023-07-10 00:03:06', '2023-07-10 00:03:06'),
	(297, 34, 9, '1', '2023-07-10 00:03:06', '2023-07-10 00:03:06'),
	(298, 35, 1, '1', '2023-07-10 00:03:06', '2023-07-10 00:03:06'),
	(299, 35, 2, '1', '2023-07-10 00:03:06', '2023-07-10 00:03:06'),
	(300, 35, 3, 'Tòa nhà số 22/2/535 Kim Mã.', '2023-07-10 00:03:06', '2023-07-10 00:03:06'),
	(301, 35, 4, '800', '2023-07-10 00:03:06', '2023-07-10 00:03:06'),
	(302, 35, 5, '2', '2023-07-10 00:03:06', '2023-07-10 00:03:06'),
	(303, 35, 6, '45M2', '2023-07-10 00:03:06', '2023-07-10 00:03:06'),
	(304, 35, 7, '1', '2023-07-10 00:03:06', '2023-07-10 00:03:06'),
	(305, 35, 8, '0', '2023-07-10 00:03:06', '2023-07-10 00:03:06'),
	(306, 35, 9, '1', '2023-07-10 00:03:06', '2023-07-10 00:03:06'),
	(316, 36, 1, '1', '2023-07-10 00:28:38', '2023-07-10 00:28:38'),
	(317, 36, 2, '1', '2023-07-10 00:28:38', '2023-07-10 00:28:38'),
	(318, 36, 3, 'Tòa nhà số 22/2/535 Kim Mã.', '2023-07-10 00:28:38', '2023-07-10 00:28:38'),
	(319, 36, 4, '900', '2023-07-10 00:28:38', '2023-07-10 00:28:38'),
	(320, 36, 5, '2', '2023-07-10 00:28:38', '2023-07-10 00:28:38'),
	(321, 36, 6, '45M2', '2023-07-10 00:28:38', '2023-07-10 00:28:38'),
	(322, 36, 7, '1', '2023-07-10 00:28:38', '2023-07-10 00:28:38'),
	(323, 36, 8, '0', '2023-07-10 00:28:38', '2023-07-10 00:28:38'),
	(324, 36, 9, '1', '2023-07-10 00:28:38', '2023-07-10 00:28:38'),
	(325, 36, 10, '2', '2023-07-10 00:28:38', '2023-07-10 00:28:38'),
	(326, 35, 10, '2', '2023-07-10 00:28:38', '2023-07-10 00:28:38'),
	(327, 34, 10, '2', '2023-07-10 00:28:38', '2023-07-10 00:28:38'),
	(328, 33, 10, '2', NULL, NULL),
	(329, 32, 10, '2', NULL, NULL),
	(330, 31, 10, '2', NULL, NULL),
	(332, 29, 10, '2', NULL, NULL),
	(333, 28, 10, '2', NULL, NULL),
	(334, 27, 10, '2', NULL, NULL),
	(335, 26, 10, '2', NULL, NULL),
	(336, 25, 10, '2', NULL, NULL),
	(337, 24, 10, '2', NULL, NULL),
	(338, 23, 10, '2', NULL, NULL),
	(339, 22, 10, '2', NULL, NULL),
	(340, 21, 10, '2', NULL, NULL),
	(341, 20, 10, '2', NULL, NULL),
	(342, 19, 10, '2', NULL, NULL),
	(343, 18, 10, '2', NULL, NULL),
	(344, 17, 10, '2', NULL, NULL),
	(345, 16, 10, '2', NULL, NULL),
	(346, 15, 10, '2', NULL, NULL),
	(347, 14, 10, '2', NULL, NULL),
	(362, 30, 1, '1', '2023-07-10 00:38:24', '2023-07-10 00:38:24'),
	(363, 30, 2, '1', '2023-07-10 00:38:25', '2023-07-10 00:38:25'),
	(364, 30, 3, 'Tòa nhà số 30 Yên Hoa, Yên Phụ Tây Hồ.', '2023-07-10 00:38:25', '2023-07-10 00:38:25'),
	(365, 30, 4, '8000000', '2023-07-10 00:38:25', '2023-07-10 00:38:25'),
	(366, 30, 5, '2', '2023-07-10 00:38:25', '2023-07-10 00:38:25'),
	(367, 30, 6, '60m2', '2023-07-10 00:38:25', '2023-07-10 00:38:25'),
	(368, 30, 7, '1', '2023-07-10 00:38:25', '2023-07-10 00:38:25'),
	(369, 30, 8, '0', '2023-07-10 00:38:25', '2023-07-10 00:38:25'),
	(370, 30, 9, '0', '2023-07-10 00:38:25', '2023-07-10 00:38:25'),
	(371, 30, 10, '1', '2023-07-10 00:38:25', '2023-07-10 00:38:25'),
	(432, 7, 1, '1', '2023-07-10 02:01:35', '2023-07-10 02:01:35'),
	(433, 7, 2, '1', '2023-07-10 02:01:35', '2023-07-10 02:01:35'),
	(434, 7, 3, 'Tòa nhà a10/ngách 19/ngõ 535 Kim Mã.', '2023-07-10 02:01:35', '2023-07-10 02:01:35'),
	(435, 7, 4, '450', '2023-07-10 02:01:35', '2023-07-10 02:01:35'),
	(436, 7, 5, '2', '2023-07-10 02:01:35', '2023-07-10 02:01:35'),
	(437, 7, 6, '40m2', '2023-07-10 02:01:35', '2023-07-10 02:01:35'),
	(438, 7, 7, '1', '2023-07-10 02:01:35', '2023-07-10 02:01:35'),
	(439, 7, 8, '0', '2023-07-10 02:01:35', '2023-07-10 02:01:35'),
	(440, 7, 9, '0', '2023-07-10 02:01:35', '2023-07-10 02:01:35'),
	(441, 7, 10, '2', '2023-07-10 02:01:35', '2023-07-10 02:01:35'),
	(442, 10, 1, '1', '2023-07-10 02:02:12', '2023-07-10 02:02:12'),
	(443, 10, 2, '1', '2023-07-10 02:02:12', '2023-07-10 02:02:12'),
	(444, 10, 3, 'Tòa nhà a10/ngách 19/ngõ 535 Kim Mã', '2023-07-10 02:02:12', '2023-07-10 02:02:12'),
	(445, 10, 4, '500', '2023-07-10 02:02:12', '2023-07-10 02:02:12'),
	(446, 10, 5, '2', '2023-07-10 02:02:12', '2023-07-10 02:02:12'),
	(447, 10, 6, '40m2', '2023-07-10 02:02:12', '2023-07-10 02:02:12'),
	(448, 10, 7, '1', '2023-07-10 02:02:12', '2023-07-10 02:02:12'),
	(449, 10, 8, '0', '2023-07-10 02:02:12', '2023-07-10 02:02:12'),
	(450, 10, 9, '1', '2023-07-10 02:02:12', '2023-07-10 02:02:12'),
	(451, 10, 10, '2', '2023-07-10 02:02:12', '2023-07-10 02:02:12'),
	(452, 11, 1, '1', '2023-07-10 02:04:18', '2023-07-10 02:04:18'),
	(453, 11, 2, '1', '2023-07-10 02:04:18', '2023-07-10 02:04:18'),
	(454, 11, 3, 'Tòa nhà a10/ngách 19/ngõ 535 Kim Mã', '2023-07-10 02:04:18', '2023-07-10 02:04:18'),
	(455, 11, 4, '550', '2023-07-10 02:04:18', '2023-07-10 02:04:18'),
	(456, 11, 5, '2', '2023-07-10 02:04:18', '2023-07-10 02:04:18'),
	(457, 11, 6, '40m2', '2023-07-10 02:04:18', '2023-07-10 02:04:18'),
	(458, 11, 7, '1', '2023-07-10 02:04:18', '2023-07-10 02:04:18'),
	(459, 11, 8, '0', '2023-07-10 02:04:18', '2023-07-10 02:04:18'),
	(460, 11, 9, '1', '2023-07-10 02:04:18', '2023-07-10 02:04:18'),
	(461, 11, 10, '2', '2023-07-10 02:04:18', '2023-07-10 02:04:18'),
	(462, 12, 1, '1', '2023-07-10 02:04:50', '2023-07-10 02:04:50'),
	(463, 12, 2, '1', '2023-07-10 02:04:50', '2023-07-10 02:04:50'),
	(464, 12, 3, 'Tòa nhà a10/ngách 19/ngõ 535 Kim Mã', '2023-07-10 02:04:50', '2023-07-10 02:04:50'),
	(465, 12, 4, '550', '2023-07-10 02:04:50', '2023-07-10 02:04:50'),
	(466, 12, 5, '2', '2023-07-10 02:04:50', '2023-07-10 02:04:50'),
	(467, 12, 6, '40m2', '2023-07-10 02:04:50', '2023-07-10 02:04:50'),
	(468, 12, 7, '1', '2023-07-10 02:04:50', '2023-07-10 02:04:50'),
	(469, 12, 8, '0', '2023-07-10 02:04:50', '2023-07-10 02:04:50'),
	(470, 12, 9, '1', '2023-07-10 02:04:50', '2023-07-10 02:04:50'),
	(471, 12, 10, '2', '2023-07-10 02:04:50', '2023-07-10 02:04:50'),
	(472, 13, 1, '1', '2023-07-10 02:05:16', '2023-07-10 02:05:16'),
	(473, 13, 2, '1', '2023-07-10 02:05:16', '2023-07-10 02:05:16'),
	(474, 13, 3, 'Tòa nhà a10/ngách 19/ngõ 535 Kim Mã', '2023-07-10 02:05:16', '2023-07-10 02:05:16'),
	(475, 13, 4, '550', '2023-07-10 02:05:16', '2023-07-10 02:05:16'),
	(476, 13, 5, '2', '2023-07-10 02:05:16', '2023-07-10 02:05:16'),
	(477, 13, 6, '40m2', '2023-07-10 02:05:16', '2023-07-10 02:05:16'),
	(478, 13, 7, '1', '2023-07-10 02:05:16', '2023-07-10 02:05:16'),
	(479, 13, 8, '0', '2023-07-10 02:05:16', '2023-07-10 02:05:16'),
	(480, 13, 9, '1', '2023-07-10 02:05:16', '2023-07-10 02:05:16'),
	(481, 13, 10, '2', '2023-07-10 02:05:16', '2023-07-10 02:05:16');

-- Dumping data for table nine_housing.translations: ~0 rows (approximately)

-- Dumping data for table nine_housing.users: ~0 rows (approximately)
INSERT INTO `users` (`id`, `name`, `email`, `email_verified_at`, `password`, `two_factor_secret`, `two_factor_recovery_codes`, `photo`, `permissions_id`, `status`, `connect_email`, `connect_password`, `provider`, `provider_id`, `access_token`, `created_by`, `updated_by`, `remember_token`, `current_team_id`, `profile_photo_path`, `created_at`, `updated_at`) VALUES
	(1, 'admin', 'admin@site.com', NULL, '$2y$10$FV8XP2LsQv9wq77a4kDuveIypng1bzYKhTPxaXz0JlIS2JT6heCHG', NULL, NULL, NULL, 1, 1, NULL, NULL, NULL, NULL, NULL, 1, NULL, NULL, NULL, NULL, '2023-07-09 21:42:11', '2023-07-09 21:42:11'),
	(2, 'Quan ly', 'admin@ninehousing.com', NULL, '$2y$10$4aNxdFHvvA2ShCKTP0tbq.dT4.JQLS1QsUlMo4D.GOr8q2o.DCRn6', NULL, NULL, '', 2, 1, NULL, NULL, NULL, NULL, NULL, 1, NULL, NULL, NULL, NULL, '2023-07-09 23:09:04', '2023-07-09 23:09:04');

-- Dumping data for table nine_housing.webmails: ~0 rows (approximately)

-- Dumping data for table nine_housing.webmails_files: ~0 rows (approximately)

-- Dumping data for table nine_housing.webmails_groups: ~0 rows (approximately)
INSERT INTO `webmails_groups` (`id`, `name`, `color`, `created_by`, `updated_by`, `created_at`, `updated_at`) VALUES
	(1, 'Support', '#00bcd4', 1, NULL, '2023-07-09 21:42:12', '2023-07-09 21:42:12'),
	(2, 'Orders', '#f44336', 1, NULL, '2023-07-09 21:42:12', '2023-07-09 21:42:12'),
	(3, 'Queries', '#8bc34a', 1, NULL, '2023-07-09 21:42:12', '2023-07-09 21:42:12');

-- Dumping data for table nine_housing.webmaster_banners: ~0 rows (approximately)
INSERT INTO `webmaster_banners` (`id`, `row_no`, `title_en`, `title_vi`, `title_jp`, `width`, `height`, `desc_status`, `link_status`, `type`, `icon_status`, `status`, `created_by`, `updated_by`, `created_at`, `updated_at`) VALUES
	(1, 1, 'Home Banners', 'Home Banners', 'Banners Trang chủ', 1600, 500, 1, 1, 1, 0, 1, 1, NULL, '2023-07-09 21:42:11', '2023-07-09 21:42:11'),
	(2, 2, 'Text Banners', 'Nội dung Banners', 'Text Banners', 330, 330, 1, 1, 0, 1, 1, 1, NULL, '2023-07-09 21:42:11', '2023-07-09 21:42:11'),
	(3, 3, 'Customer said Banners', 'Banner bình luân của khách hàng', 'Customer said Banners', 330, 330, 0, 1, 1, 0, 1, 1, NULL, '2023-07-09 21:42:11', '2023-07-09 21:42:11');

-- Dumping data for table nine_housing.webmaster_sections: ~0 rows (approximately)
INSERT INTO `webmaster_sections` (`id`, `row_no`, `title_jp`, `title_en`, `title_vi`, `type`, `title_status`, `photo_status`, `case_status`, `visits_status`, `sections_status`, `comments_status`, `date_status`, `expire_date_status`, `longtext_status`, `editor_status`, `attach_file_status`, `extra_attach_file_status`, `multi_images_status`, `section_icon_status`, `icon_status`, `maps_status`, `order_status`, `related_status`, `status`, `seo_title_en`, `seo_title_vi`, `seo_title_jp`, `seo_description_en`, `seo_description_vi`, `seo_description_jp`, `seo_keywords_jp`, `seo_keywords_en`, `seo_keywords_vh`, `seo_url_slug_en`, `seo_url_slug_vi`, `seo_url_slug_jp`, `created_by`, `updated_by`, `created_at`, `updated_at`) VALUES
	(1, 1, 'Site pages', 'Site pages', 'Site pages', 0, 1, 1, 1, 0, 0, 0, 0, 0, 1, 1, 1, 0, 1, 1, 0, 1, 0, 0, 1, 'Site pages', 'Site pages', 'Site pages', NULL, NULL, NULL, NULL, NULL, NULL, 'sitepages', 'sitepages', 'sitepages', 1, NULL, '2023-07-09 21:42:11', '2023-07-09 21:42:11'),
	(2, 7, 'Blog', 'Blog', 'Blog', 0, 1, 1, 1, 0, 1, 1, 1, 0, 1, 1, 0, 0, 1, 1, 0, 0, 0, 1, 1, 'Blog', 'Blog', 'Blog', NULL, NULL, NULL, NULL, NULL, NULL, 'blog', 'blog', 'blog', 1, NULL, '2023-07-09 21:42:11', '2023-07-09 21:42:11'),
	(3, 6, 'Activity', 'Activity', 'Activity', 0, 1, 1, 1, 0, 1, 1, 1, 0, 1, 1, 0, 0, 1, 1, 0, 0, 0, 1, 1, 'Activity', 'Activity', 'Activity', NULL, NULL, NULL, NULL, NULL, NULL, 'Activity', 'Activity', 'Activity', 1, NULL, '2023-07-09 21:42:11', '2023-07-09 21:42:11'),
	(4, 9, 'Partners', 'Partners', 'Đối tác', 0, 1, 1, 1, 0, 0, 0, 0, 0, 0, 0, 0, 0, 0, 0, 0, 0, 0, 0, 1, 'Partners', 'Đối tác', 'Partners', NULL, NULL, NULL, NULL, NULL, NULL, 'partners', 'partners', 'doi-tac', 1, NULL, '2023-07-09 21:42:11', '2023-07-09 21:42:11'),
	(5, 8, 'Apartment', 'Apartment', 'Căn hộ', 0, 1, 1, 1, 0, 2, 0, 1, 1, 1, 1, 0, 0, 1, 1, 0, 1, 1, 0, 1, 'Apartment', 'Căn hộ', 'Apartment', NULL, NULL, NULL, NULL, NULL, NULL, 'Apartment', 'can-ho', 'Apartment', 1, 1, '2023-07-09 21:42:11', '2023-07-10 00:57:02');

-- Dumping data for table nine_housing.webmaster_section_fields: ~0 rows (approximately)
INSERT INTO `webmaster_section_fields` (`id`, `webmaster_id`, `type`, `title_jp`, `title_en`, `title_vi`, `default_value`, `details_jp`, `details_en`, `details_vi`, `row_no`, `status`, `required`, `in_table`, `in_search`, `in_listing`, `in_page`, `in_statics`, `lang_code`, `css_class`, `view_permission_groups`, `add_permission_groups`, `edit_permission_groups`, `created_by`, `updated_by`, `created_at`, `updated_at`) VALUES
	(1, 5, 6, 'City', 'City', 'Thành phố', NULL, 'Thành phố Hà Nội\r\nTỉnh Hà Giang\r\nTỉnh Cao Bằng\r\nTỉnh Bắc Kạn\r\nTỉnh Tuyên Quang\r\nTỉnh Lào Cai\r\nTỉnh Điện Biên\r\nTỉnh Lai Châu\r\nTỉnh Sơn La\r\nTỉnh Yên Bái\r\nTỉnh Hoà Bình\r\nTỉnh Thái Nguyên\r\nTỉnh Lạng Sơn\r\nTỉnh Quảng Ninh\r\nTỉnh Bắc Giang\r\nTỉnh Phú Thọ\r\nTỉnh Vĩnh Phúc\r\nTỉnh Bắc Ninh\r\nTỉnh Hải Dương\r\nThành phố Hải Phòng\r\nTỉnh Hưng Yên\r\nTỉnh Thái Bình\r\nTỉnh Hà Nam\r\nTỉnh Nam Định\r\nTỉnh Ninh Bình\r\nTỉnh Thanh Hóa\r\nTỉnh Nghệ An\r\nTỉnh Hà Tĩnh\r\nTỉnh Quảng Bình\r\nTỉnh Quảng Trị\r\nTỉnh Thừa Thiên Huế\r\nThành phố Đà Nẵng\r\nTỉnh Quảng Nam\r\nTỉnh Quảng Ngãi\r\nTỉnh Bình Định\r\nTỉnh Phú Yên\r\nTỉnh Khánh Hòa\r\nTỉnh Ninh Thuận\r\nTỉnh Bình Thuận\r\nTỉnh Kon Tum\r\nTỉnh Gia Lai\r\nTỉnh Đắk Lắk\r\nTỉnh Đắk Nông\r\nTỉnh Lâm Đồng\r\nTỉnh Bình Phước\r\nTỉnh Tây Ninh\r\nTỉnh Bình Dương\r\nTỉnh Đồng Nai\r\nTỉnh Bà Rịa - Vũng Tàu\r\nThành phố Hồ Chí Minh\r\nTỉnh Long An\r\nTỉnh Tiền Giang\r\nTỉnh Bến Tre\r\nTỉnh Trà Vinh\r\nTỉnh Vĩnh Long\r\nTỉnh Đồng Tháp\r\nTỉnh An Giang\r\nTỉnh Kiên Giang\r\nThành phố Cần Thơ\r\nTỉnh Hậu Giang\r\nTỉnh Sóc Trăng\r\nTỉnh Bạc Liêu\r\nTỉnh Cà Mau', 'Thành phố Hà Nội\r\nTỉnh Hà Giang\r\nTỉnh Cao Bằng\r\nTỉnh Bắc Kạn\r\nTỉnh Tuyên Quang\r\nTỉnh Lào Cai\r\nTỉnh Điện Biên\r\nTỉnh Lai Châu\r\nTỉnh Sơn La\r\nTỉnh Yên Bái\r\nTỉnh Hoà Bình\r\nTỉnh Thái Nguyên\r\nTỉnh Lạng Sơn\r\nTỉnh Quảng Ninh\r\nTỉnh Bắc Giang\r\nTỉnh Phú Thọ\r\nTỉnh Vĩnh Phúc\r\nTỉnh Bắc Ninh\r\nTỉnh Hải Dương\r\nThành phố Hải Phòng\r\nTỉnh Hưng Yên\r\nTỉnh Thái Bình\r\nTỉnh Hà Nam\r\nTỉnh Nam Định\r\nTỉnh Ninh Bình\r\nTỉnh Thanh Hóa\r\nTỉnh Nghệ An\r\nTỉnh Hà Tĩnh\r\nTỉnh Quảng Bình\r\nTỉnh Quảng Trị\r\nTỉnh Thừa Thiên Huế\r\nThành phố Đà Nẵng\r\nTỉnh Quảng Nam\r\nTỉnh Quảng Ngãi\r\nTỉnh Bình Định\r\nTỉnh Phú Yên\r\nTỉnh Khánh Hòa\r\nTỉnh Ninh Thuận\r\nTỉnh Bình Thuận\r\nTỉnh Kon Tum\r\nTỉnh Gia Lai\r\nTỉnh Đắk Lắk\r\nTỉnh Đắk Nông\r\nTỉnh Lâm Đồng\r\nTỉnh Bình Phước\r\nTỉnh Tây Ninh\r\nTỉnh Bình Dương\r\nTỉnh Đồng Nai\r\nTỉnh Bà Rịa - Vũng Tàu\r\nThành phố Hồ Chí Minh\r\nTỉnh Long An\r\nTỉnh Tiền Giang\r\nTỉnh Bến Tre\r\nTỉnh Trà Vinh\r\nTỉnh Vĩnh Long\r\nTỉnh Đồng Tháp\r\nTỉnh An Giang\r\nTỉnh Kiên Giang\r\nThành phố Cần Thơ\r\nTỉnh Hậu Giang\r\nTỉnh Sóc Trăng\r\nTỉnh Bạc Liêu\r\nTỉnh Cà Mau', 'Thành phố Hà Nội\r\nTỉnh Hà Giang\r\nTỉnh Cao Bằng\r\nTỉnh Bắc Kạn\r\nTỉnh Tuyên Quang\r\nTỉnh Lào Cai\r\nTỉnh Điện Biên\r\nTỉnh Lai Châu\r\nTỉnh Sơn La\r\nTỉnh Yên Bái\r\nTỉnh Hoà Bình\r\nTỉnh Thái Nguyên\r\nTỉnh Lạng Sơn\r\nTỉnh Quảng Ninh\r\nTỉnh Bắc Giang\r\nTỉnh Phú Thọ\r\nTỉnh Vĩnh Phúc\r\nTỉnh Bắc Ninh\r\nTỉnh Hải Dương\r\nThành phố Hải Phòng\r\nTỉnh Hưng Yên\r\nTỉnh Thái Bình\r\nTỉnh Hà Nam\r\nTỉnh Nam Định\r\nTỉnh Ninh Bình\r\nTỉnh Thanh Hóa\r\nTỉnh Nghệ An\r\nTỉnh Hà Tĩnh\r\nTỉnh Quảng Bình\r\nTỉnh Quảng Trị\r\nTỉnh Thừa Thiên Huế\r\nThành phố Đà Nẵng\r\nTỉnh Quảng Nam\r\nTỉnh Quảng Ngãi\r\nTỉnh Bình Định\r\nTỉnh Phú Yên\r\nTỉnh Khánh Hòa\r\nTỉnh Ninh Thuận\r\nTỉnh Bình Thuận\r\nTỉnh Kon Tum\r\nTỉnh Gia Lai\r\nTỉnh Đắk Lắk\r\nTỉnh Đắk Nông\r\nTỉnh Lâm Đồng\r\nTỉnh Bình Phước\r\nTỉnh Tây Ninh\r\nTỉnh Bình Dương\r\nTỉnh Đồng Nai\r\nTỉnh Bà Rịa - Vũng Tàu\r\nThành phố Hồ Chí Minh\r\nTỉnh Long An\r\nTỉnh Tiền Giang\r\nTỉnh Bến Tre\r\nTỉnh Trà Vinh\r\nTỉnh Vĩnh Long\r\nTỉnh Đồng Tháp\r\nTỉnh An Giang\r\nTỉnh Kiên Giang\r\nThành phố Cần Thơ\r\nTỉnh Hậu Giang\r\nTỉnh Sóc Trăng\r\nTỉnh Bạc Liêu\r\nTỉnh Cà Mau', 1, 1, 1, 0, 0, 0, 0, 0, 'all', NULL, '0', '0', '0', 1, 1, '2023-07-09 21:42:11', '2023-07-10 00:38:00'),
	(2, 5, 6, 'District', 'District', 'Quận huyện', NULL, 'Quận Ba Đình\r\nQuận Hoàn Kiếm\r\nQuận Tây Hồ\r\nQuận Long Biên\r\nQuận Cầu Giấy\r\nQuận Đống Đa\r\nQuận Hai Bà Trưng\r\nQuận Hoàng Mai\r\nQuận Thanh Xuân\r\nHuyện Sóc Sơn\r\nHuyện Đông Anh\r\nHuyện Gia Lâm\r\nQuận Nam Từ Liêm\r\nHuyện Thanh Trì\r\nQuận Bắc Từ Liêm\r\nHuyện Mê Linh\r\nQuận Hà Đông\r\nThị xã Sơn Tây\r\nHuyện Ba Vì\r\nHuyện Phúc Thọ\r\nHuyện Đan Phượng\r\nHuyện Hoài Đức\r\nHuyện Quốc Oai\r\nHuyện Thạch Thất\r\nHuyện Chương Mỹ\r\nHuyện Thanh Oai\r\nHuyện Thường Tín\r\nHuyện Phú Xuyên\r\nHuyện Ứng Hòa\r\nHuyện Mỹ Đức\r\nThành phố Hà Giang\r\nHuyện Đồng Văn\r\nHuyện Mèo Vạc\r\nHuyện Yên Minh\r\nHuyện Quản Bạ\r\nHuyện Vị Xuyên\r\nHuyện Bắc Mê\r\nHuyện Hoàng Su Phì\r\nHuyện Xín Mần\r\nHuyện Bắc Quang\r\nHuyện Quang Bình\r\nThành phố Cao Bằng\r\nHuyện Bảo Lâm\r\nHuyện Bảo Lạc\r\nHuyện Hà Quảng\r\nHuyện Trùng Khánh\r\nHuyện Hạ Lang\r\nHuyện Quảng Hòa\r\nHuyện Hoà An\r\nHuyện Nguyên Bình\r\nHuyện Thạch An\r\nThành Phố Bắc Kạn\r\nHuyện Pác Nặm\r\nHuyện Ba Bể\r\nHuyện Ngân Sơn\r\nHuyện Bạch Thông\r\nHuyện Chợ Đồn\r\nHuyện Chợ Mới\r\nHuyện Na Rì\r\nThành phố Tuyên Quang\r\nHuyện Lâm Bình\r\nHuyện Na Hang\r\nHuyện Chiêm Hóa\r\nHuyện Hàm Yên\r\nHuyện Yên Sơn\r\nHuyện Sơn Dương\r\nThành phố Lào Cai\r\nHuyện Bát Xát\r\nHuyện Mường Khương\r\nHuyện Si Ma Cai\r\nHuyện Bắc Hà\r\nHuyện Bảo Thắng\r\nHuyện Bảo Yên\r\nThị xã Sa Pa\r\nHuyện Văn Bàn\r\nThành phố Điện Biên Phủ\r\nThị xã Mường Lay\r\nHuyện Mường Nhé\r\nHuyện Mường Chà\r\nHuyện Tủa Chùa\r\nHuyện Tuần Giáo\r\nHuyện Điện Biên\r\nHuyện Điện Biên Đông\r\nHuyện Mường Ảng\r\nHuyện Nậm Pồ\r\nThành phố Lai Châu\r\nHuyện Tam Đường\r\nHuyện Mường Tè\r\nHuyện Sìn Hồ\r\nHuyện Phong Thổ\r\nHuyện Than Uyên\r\nHuyện Tân Uyên\r\nHuyện Nậm Nhùn\r\nThành phố Sơn La\r\nHuyện Quỳnh Nhai\r\nHuyện Thuận Châu\r\nHuyện Mường La\r\nHuyện Bắc Yên\r\nHuyện Phù Yên\r\nHuyện Mộc Châu\r\nHuyện Yên Châu\r\nHuyện Mai Sơn\r\nHuyện Sông Mã\r\nHuyện Sốp Cộp\r\nHuyện Vân Hồ\r\nThành phố Yên Bái\r\nThị xã Nghĩa Lộ\r\nHuyện Lục Yên\r\nHuyện Văn Yên\r\nHuyện Mù Căng Chải\r\nHuyện Trấn Yên\r\nHuyện Trạm Tấu\r\nHuyện Văn Chấn\r\nHuyện Yên Bình\r\nThành phố Hòa Bình\r\nHuyện Đà Bắc\r\nHuyện Lương Sơn\r\nHuyện Kim Bôi\r\nHuyện Cao Phong\r\nHuyện Tân Lạc\r\nHuyện Mai Châu\r\nHuyện Lạc Sơn\r\nHuyện Yên Thủy\r\nHuyện Lạc Thủy\r\nThành phố Thái Nguyên\r\nThành phố Sông Công\r\nHuyện Định Hóa\r\nHuyện Phú Lương\r\nHuyện Đồng Hỷ\r\nHuyện Võ Nhai\r\nHuyện Đại Từ\r\nThành phố Phổ Yên\r\nHuyện Phú Bình\r\nThành phố Lạng Sơn\r\nHuyện Tràng Định\r\nHuyện Bình Gia\r\nHuyện Văn Lãng\r\nHuyện Cao Lộc\r\nHuyện Văn Quan\r\nHuyện Bắc Sơn\r\nHuyện Hữu Lũng\r\nHuyện Chi Lăng\r\nHuyện Lộc Bình\r\nHuyện Đình Lập\r\nThành phố Hạ Long\r\nThành phố Móng Cái\r\nThành phố Cẩm Phả\r\nThành phố Uông Bí\r\nHuyện Bình Liêu\r\nHuyện Tiên Yên\r\nHuyện Đầm Hà\r\nHuyện Hải Hà\r\nHuyện Ba Chẽ\r\nHuyện Vân Đồn\r\nThị xã Đông Triều\r\nThị xã Quảng Yên\r\nHuyện Cô Tô\r\nThành phố Bắc Giang\r\nHuyện Yên Thế\r\nHuyện Tân Yên\r\nHuyện Lạng Giang\r\nHuyện Lục Nam\r\nHuyện Lục Ngạn\r\nHuyện Sơn Động\r\nHuyện Yên Dũng\r\nHuyện Việt Yên\r\nHuyện Hiệp Hòa\r\nThành phố Việt Trì\r\nThị xã Phú Thọ\r\nHuyện Đoan Hùng\r\nHuyện Hạ Hoà\r\nHuyện Thanh Ba\r\nHuyện Phù Ninh\r\nHuyện Yên Lập\r\nHuyện Cẩm Khê\r\nHuyện Tam Nông\r\nHuyện Lâm Thao\r\nHuyện Thanh Sơn\r\nHuyện Thanh Thuỷ\r\nHuyện Tân Sơn\r\nThành phố Vĩnh Yên\r\nThành phố Phúc Yên\r\nHuyện Lập Thạch\r\nHuyện Tam Dương\r\nHuyện Tam Đảo\r\nHuyện Bình Xuyên\r\nHuyện Yên Lạc\r\nHuyện Vĩnh Tường\r\nHuyện Sông Lô\r\nThành phố Bắc Ninh\r\nHuyện Yên Phong\r\nThị xã Quế Võ\r\nHuyện Tiên Du\r\nThành phố Từ Sơn\r\nThị xã Thuận Thành\r\nHuyện Gia Bình\r\nHuyện Lương Tài\r\nThành phố Hải Dương\r\nThành phố Chí Linh\r\nHuyện Nam Sách\r\nThị xã Kinh Môn\r\nHuyện Kim Thành\r\nHuyện Thanh Hà\r\nHuyện Cẩm Giàng\r\nHuyện Bình Giang\r\nHuyện Gia Lộc\r\nHuyện Tứ Kỳ\r\nHuyện Ninh Giang\r\nHuyện Thanh Miện\r\nQuận Hồng Bàng\r\nQuận Ngô Quyền\r\nQuận Lê Chân\r\nQuận Hải An\r\nQuận Kiến An\r\nQuận Đồ Sơn\r\nQuận Dương Kinh\r\nHuyện Thuỷ Nguyên\r\nHuyện An Dương\r\nHuyện An Lão\r\nHuyện Kiến Thuỵ\r\nHuyện Tiên Lãng\r\nHuyện Vĩnh Bảo\r\nHuyện Cát Hải\r\nHuyện Bạch Long Vĩ\r\nThành phố Hưng Yên\r\nHuyện Văn Lâm\r\nHuyện Văn Giang\r\nHuyện Yên Mỹ\r\nThị xã Mỹ Hào\r\nHuyện Ân Thi\r\nHuyện Khoái Châu\r\nHuyện Kim Động\r\nHuyện Tiên Lữ\r\nHuyện Phù Cừ\r\nThành phố Thái Bình\r\nHuyện Quỳnh Phụ\r\nHuyện Hưng Hà\r\nHuyện Đông Hưng\r\nHuyện Thái Thụy\r\nHuyện Tiền Hải\r\nHuyện Kiến Xương\r\nHuyện Vũ Thư\r\nThành phố Phủ Lý\r\nThị xã Duy Tiên\r\nHuyện Kim Bảng\r\nHuyện Thanh Liêm\r\nHuyện Bình Lục\r\nHuyện Lý Nhân\r\nThành phố Nam Định\r\nHuyện Mỹ Lộc\r\nHuyện Vụ Bản\r\nHuyện Ý Yên\r\nHuyện Nghĩa Hưng\r\nHuyện Nam Trực\r\nHuyện Trực Ninh\r\nHuyện Xuân Trường\r\nHuyện Giao Thủy\r\nHuyện Hải Hậu\r\nThành phố Ninh Bình\r\nThành phố Tam Điệp\r\nHuyện Nho Quan\r\nHuyện Gia Viễn\r\nHuyện Hoa Lư\r\nHuyện Yên Khánh\r\nHuyện Kim Sơn\r\nHuyện Yên Mô\r\nThành phố Thanh Hóa\r\nThị xã Bỉm Sơn\r\nThành phố Sầm Sơn\r\nHuyện Mường Lát\r\nHuyện Quan Hóa\r\nHuyện Bá Thước\r\nHuyện Quan Sơn\r\nHuyện Lang Chánh\r\nHuyện Ngọc Lặc\r\nHuyện Cẩm Thủy\r\nHuyện Thạch Thành\r\nHuyện Hà Trung\r\nHuyện Vĩnh Lộc\r\nHuyện Yên Định\r\nHuyện Thọ Xuân\r\nHuyện Thường Xuân\r\nHuyện Triệu Sơn\r\nHuyện Thiệu Hóa\r\nHuyện Hoằng Hóa\r\nHuyện Hậu Lộc\r\nHuyện Nga Sơn\r\nHuyện Như Xuân\r\nHuyện Như Thanh\r\nHuyện Nông Cống\r\nHuyện Đông Sơn\r\nHuyện Quảng Xương\r\nThị xã Nghi Sơn\r\nThành phố Vinh\r\nThị xã Cửa Lò\r\nThị xã Thái Hoà\r\nHuyện Quế Phong\r\nHuyện Quỳ Châu\r\nHuyện Kỳ Sơn\r\nHuyện Tương Dương\r\nHuyện Nghĩa Đàn\r\nHuyện Quỳ Hợp\r\nHuyện Quỳnh Lưu\r\nHuyện Con Cuông\r\nHuyện Tân Kỳ\r\nHuyện Anh Sơn\r\nHuyện Diễn Châu\r\nHuyện Yên Thành\r\nHuyện Đô Lương\r\nHuyện Thanh Chương\r\nHuyện Nghi Lộc\r\nHuyện Nam Đàn\r\nHuyện Hưng Nguyên\r\nThị xã Hoàng Mai\r\nThành phố Hà Tĩnh\r\nThị xã Hồng Lĩnh\r\nHuyện Hương Sơn\r\nHuyện Đức Thọ\r\nHuyện Vũ Quang\r\nHuyện Nghi Xuân\r\nHuyện Can Lộc\r\nHuyện Hương Khê\r\nHuyện Thạch Hà\r\nHuyện Cẩm Xuyên\r\nHuyện Kỳ Anh\r\nHuyện Lộc Hà\r\nThị xã Kỳ Anh\r\nThành Phố Đồng Hới\r\nHuyện Minh Hóa\r\nHuyện Tuyên Hóa\r\nHuyện Quảng Trạch\r\nHuyện Bố Trạch\r\nHuyện Quảng Ninh\r\nHuyện Lệ Thủy\r\nThị xã Ba Đồn\r\nThành phố Đông Hà\r\nThị xã Quảng Trị\r\nHuyện Vĩnh Linh\r\nHuyện Hướng Hóa\r\nHuyện Gio Linh\r\nHuyện Đa Krông\r\nHuyện Cam Lộ\r\nHuyện Triệu Phong\r\nHuyện Hải Lăng\r\nHuyện Cồn Cỏ\r\nThành phố Huế\r\nHuyện Phong Điền\r\nHuyện Quảng Điền\r\nHuyện Phú Vang\r\nThị xã Hương Thủy\r\nThị xã Hương Trà\r\nHuyện A Lưới\r\nHuyện Phú Lộc\r\nHuyện Nam Đông\r\nQuận Liên Chiểu\r\nQuận Thanh Khê\r\nQuận Hải Châu\r\nQuận Sơn Trà\r\nQuận Ngũ Hành Sơn\r\nQuận Cẩm Lệ\r\nHuyện Hòa Vang\r\nHuyện Hoàng Sa\r\nThành phố Tam Kỳ\r\nThành phố Hội An\r\nHuyện Tây Giang\r\nHuyện Đông Giang\r\nHuyện Đại Lộc\r\nThị xã Điện Bàn\r\nHuyện Duy Xuyên\r\nHuyện Quế Sơn\r\nHuyện Nam Giang\r\nHuyện Phước Sơn\r\nHuyện Hiệp Đức\r\nHuyện Thăng Bình\r\nHuyện Tiên Phước\r\nHuyện Bắc Trà My\r\nHuyện Nam Trà My\r\nHuyện Núi Thành\r\nHuyện Phú Ninh\r\nHuyện Nông Sơn\r\nThành phố Quảng Ngãi\r\nHuyện Bình Sơn\r\nHuyện Trà Bồng\r\nHuyện Sơn Tịnh\r\nHuyện Tư Nghĩa\r\nHuyện Sơn Hà\r\nHuyện Sơn Tây\r\nHuyện Minh Long\r\nHuyện Nghĩa Hành\r\nHuyện Mộ Đức\r\nThị xã Đức Phổ\r\nHuyện Ba Tơ\r\nHuyện Lý Sơn\r\nThành phố Quy Nhơn\r\nHuyện An Lão\r\nThị xã Hoài Nhơn\r\nHuyện Hoài Ân\r\nHuyện Phù Mỹ\r\nHuyện Vĩnh Thạnh\r\nHuyện Tây Sơn\r\nHuyện Phù Cát\r\nThị xã An Nhơn\r\nHuyện Tuy Phước\r\nHuyện Vân Canh\r\nThành phố Tuy Hoà\r\nThị xã Sông Cầu\r\nHuyện Đồng Xuân\r\nHuyện Tuy An\r\nHuyện Sơn Hòa\r\nHuyện Sông Hinh\r\nHuyện Tây Hoà\r\nHuyện Phú Hoà\r\nThị xã Đông Hòa\r\nThành phố Nha Trang\r\nThành phố Cam Ranh\r\nHuyện Cam Lâm\r\nHuyện Vạn Ninh\r\nThị xã Ninh Hòa\r\nHuyện Khánh Vĩnh\r\nHuyện Diên Khánh\r\nHuyện Khánh Sơn\r\nHuyện Trường Sa\r\nThành phố Phan Rang-Tháp Chàm\r\nHuyện Bác Ái\r\nHuyện Ninh Sơn\r\nHuyện Ninh Hải\r\nHuyện Ninh Phước\r\nHuyện Thuận Bắc\r\nHuyện Thuận Nam\r\nThành phố Phan Thiết\r\nThị xã La Gi\r\nHuyện Tuy Phong\r\nHuyện Bắc Bình\r\nHuyện Hàm Thuận Bắc\r\nHuyện Hàm Thuận Nam\r\nHuyện Tánh Linh\r\nHuyện Đức Linh\r\nHuyện Hàm Tân\r\nHuyện Phú Quí\r\nThành phố Kon Tum\r\nHuyện Đắk Glei\r\nHuyện Ngọc Hồi\r\nHuyện Đắk Tô\r\nHuyện Kon Plông\r\nHuyện Kon Rẫy\r\nHuyện Đắk Hà\r\nHuyện Sa Thầy\r\nHuyện Tu Mơ Rông\r\nHuyện Ia H\' Drai\r\nThành phố Pleiku\r\nThị xã An Khê\r\nThị xã Ayun Pa\r\nHuyện KBang\r\nHuyện Đăk Đoa\r\nHuyện Chư Păh\r\nHuyện Ia Grai\r\nHuyện Mang Yang\r\nHuyện Kông Chro\r\nHuyện Đức Cơ\r\nHuyện Chư Prông\r\nHuyện Chư Sê\r\nHuyện Đăk Pơ\r\nHuyện Ia Pa\r\nHuyện Krông Pa\r\nHuyện Phú Thiện\r\nHuyện Chư Pưh\r\nThành phố Buôn Ma Thuột\r\nThị xã Buôn Hồ\r\nHuyện Ea H\'leo\r\nHuyện Ea Súp\r\nHuyện Buôn Đôn\r\nHuyện Cư M\'gar\r\nHuyện Krông Búk\r\nHuyện Krông Năng\r\nHuyện Ea Kar\r\nHuyện M\'Đrắk\r\nHuyện Krông Bông\r\nHuyện Krông Pắc\r\nHuyện Krông A Na\r\nHuyện Lắk\r\nHuyện Cư Kuin\r\nThành phố Gia Nghĩa\r\nHuyện Đăk Glong\r\nHuyện Cư Jút\r\nHuyện Đắk Mil\r\nHuyện Krông Nô\r\nHuyện Đắk Song\r\nHuyện Đắk R\'Lấp\r\nHuyện Tuy Đức\r\nThành phố Đà Lạt\r\nThành phố Bảo Lộc\r\nHuyện Đam Rông\r\nHuyện Lạc Dương\r\nHuyện Lâm Hà\r\nHuyện Đơn Dương\r\nHuyện Đức Trọng\r\nHuyện Di Linh\r\nHuyện Bảo Lâm\r\nHuyện Đạ Huoai\r\nHuyện Đạ Tẻh\r\nHuyện Cát Tiên\r\nThị xã Phước Long\r\nThành phố Đồng Xoài\r\nThị xã Bình Long\r\nHuyện Bù Gia Mập\r\nHuyện Lộc Ninh\r\nHuyện Bù Đốp\r\nHuyện Hớn Quản\r\nHuyện Đồng Phú\r\nHuyện Bù Đăng\r\nThị xã Chơn Thành\r\nHuyện Phú Riềng\r\nThành phố Tây Ninh\r\nHuyện Tân Biên\r\nHuyện Tân Châu\r\nHuyện Dương Minh Châu\r\nHuyện Châu Thành\r\nThị xã Hòa Thành\r\nHuyện Gò Dầu\r\nHuyện Bến Cầu\r\nThị xã Trảng Bàng\r\nThành phố Thủ Dầu Một\r\nHuyện Bàu Bàng\r\nHuyện Dầu Tiếng\r\nThị xã Bến Cát\r\nHuyện Phú Giáo\r\nThành phố Tân Uyên\r\nThành phố Dĩ An\r\nThành phố Thuận An\r\nHuyện Bắc Tân Uyên\r\nThành phố Biên Hòa\r\nThành phố Long Khánh\r\nHuyện Tân Phú\r\nHuyện Vĩnh Cửu\r\nHuyện Định Quán\r\nHuyện Trảng Bom\r\nHuyện Thống Nhất\r\nHuyện Cẩm Mỹ\r\nHuyện Long Thành\r\nHuyện Xuân Lộc\r\nHuyện Nhơn Trạch\r\nThành phố Vũng Tàu\r\nThành phố Bà Rịa\r\nHuyện Châu Đức\r\nHuyện Xuyên Mộc\r\nHuyện Long Điền\r\nHuyện Đất Đỏ\r\nThị xã Phú Mỹ\r\nHuyện Côn Đảo\r\nQuận 1\r\nQuận 12\r\nQuận Gò Vấp\r\nQuận Bình Thạnh\r\nQuận Tân Bình\r\nQuận Tân Phú\r\nQuận Phú Nhuận\r\nThành phố Thủ Đức\r\nQuận 3\r\nQuận 10\r\nQuận 11\r\nQuận 4\r\nQuận 5\r\nQuận 6\r\nQuận 8\r\nQuận Bình Tân\r\nQuận 7\r\nHuyện Củ Chi\r\nHuyện Hóc Môn\r\nHuyện Bình Chánh\r\nHuyện Nhà Bè\r\nHuyện Cần Giờ\r\nThành phố Tân An\r\nThị xã Kiến Tường\r\nHuyện Tân Hưng\r\nHuyện Vĩnh Hưng\r\nHuyện Mộc Hóa\r\nHuyện Tân Thạnh\r\nHuyện Thạnh Hóa\r\nHuyện Đức Huệ\r\nHuyện Đức Hòa\r\nHuyện Bến Lức\r\nHuyện Thủ Thừa\r\nHuyện Tân Trụ\r\nHuyện Cần Đước\r\nHuyện Cần Giuộc\r\nHuyện Châu Thành\r\nThành phố Mỹ Tho\r\nThị xã Gò Công\r\nThị xã Cai Lậy\r\nHuyện Tân Phước\r\nHuyện Cái Bè\r\nHuyện Cai Lậy\r\nHuyện Châu Thành\r\nHuyện Chợ Gạo\r\nHuyện Gò Công Tây\r\nHuyện Gò Công Đông\r\nHuyện Tân Phú Đông\r\nThành phố Bến Tre\r\nHuyện Châu Thành\r\nHuyện Chợ Lách\r\nHuyện Mỏ Cày Nam\r\nHuyện Giồng Trôm\r\nHuyện Bình Đại\r\nHuyện Ba Tri\r\nHuyện Thạnh Phú\r\nHuyện Mỏ Cày Bắc\r\nThành phố Trà Vinh\r\nHuyện Càng Long\r\nHuyện Cầu Kè\r\nHuyện Tiểu Cần\r\nHuyện Châu Thành\r\nHuyện Cầu Ngang\r\nHuyện Trà Cú\r\nHuyện Duyên Hải\r\nThị xã Duyên Hải\r\nThành phố Vĩnh Long\r\nHuyện Long Hồ\r\nHuyện Mang Thít\r\nHuyện Vũng Liêm\r\nHuyện Tam Bình\r\nThị xã Bình Minh\r\nHuyện Trà Ôn\r\nHuyện Bình Tân\r\nThành phố Cao Lãnh\r\nThành phố Sa Đéc\r\nThành phố Hồng Ngự\r\nHuyện Tân Hồng\r\nHuyện Hồng Ngự\r\nHuyện Tam Nông\r\nHuyện Tháp Mười\r\nHuyện Cao Lãnh\r\nHuyện Thanh Bình\r\nHuyện Lấp Vò\r\nHuyện Lai Vung\r\nHuyện Châu Thành\r\nThành phố Long Xuyên\r\nThành phố Châu Đốc\r\nHuyện An Phú\r\nThị xã Tân Châu\r\nHuyện Phú Tân\r\nHuyện Châu Phú\r\nThị xã Tịnh Biên\r\nHuyện Tri Tôn\r\nHuyện Châu Thành\r\nHuyện Chợ Mới\r\nHuyện Thoại Sơn\r\nThành phố Rạch Giá\r\nThành phố Hà Tiên\r\nHuyện Kiên Lương\r\nHuyện Hòn Đất\r\nHuyện Tân Hiệp\r\nHuyện Châu Thành\r\nHuyện Giồng Riềng\r\nHuyện Gò Quao\r\nHuyện An Biên\r\nHuyện An Minh\r\nHuyện Vĩnh Thuận\r\nThành phố Phú Quốc\r\nHuyện Kiên Hải\r\nHuyện U Minh Thượng\r\nHuyện Giang Thành\r\nQuận Ninh Kiều\r\nQuận Ô Môn\r\nQuận Bình Thuỷ\r\nQuận Cái Răng\r\nQuận Thốt Nốt\r\nHuyện Vĩnh Thạnh\r\nHuyện Cờ Đỏ\r\nHuyện Phong Điền\r\nHuyện Thới Lai\r\nThành phố Vị Thanh\r\nThành phố Ngã Bảy\r\nHuyện Châu Thành A\r\nHuyện Châu Thành\r\nHuyện Phụng Hiệp\r\nHuyện Vị Thuỷ\r\nHuyện Long Mỹ\r\nThị xã Long Mỹ\r\nThành phố Sóc Trăng\r\nHuyện Châu Thành\r\nHuyện Kế Sách\r\nHuyện Mỹ Tú\r\nHuyện Cù Lao Dung\r\nHuyện Long Phú\r\nHuyện Mỹ Xuyên\r\nThị xã Ngã Năm\r\nHuyện Thạnh Trị\r\nThị xã Vĩnh Châu\r\nHuyện Trần Đề\r\nThành phố Bạc Liêu\r\nHuyện Hồng Dân\r\nHuyện Phước Long\r\nHuyện Vĩnh Lợi\r\nThị xã Giá Rai\r\nHuyện Đông Hải\r\nHuyện Hoà Bình\r\nThành phố Cà Mau\r\nHuyện U Minh\r\nHuyện Thới Bình\r\nHuyện Trần Văn Thời\r\nHuyện Cái Nước\r\nHuyện Đầm Dơi\r\nHuyện Năm Căn\r\nHuyện Phú Tân\r\nHuyện Ngọc Hiển', 'Quận Ba Đình\r\nQuận Hoàn Kiếm\r\nQuận Tây Hồ\r\nQuận Long Biên\r\nQuận Cầu Giấy\r\nQuận Đống Đa\r\nQuận Hai Bà Trưng\r\nQuận Hoàng Mai\r\nQuận Thanh Xuân\r\nHuyện Sóc Sơn\r\nHuyện Đông Anh\r\nHuyện Gia Lâm\r\nQuận Nam Từ Liêm\r\nHuyện Thanh Trì\r\nQuận Bắc Từ Liêm\r\nHuyện Mê Linh\r\nQuận Hà Đông\r\nThị xã Sơn Tây\r\nHuyện Ba Vì\r\nHuyện Phúc Thọ\r\nHuyện Đan Phượng\r\nHuyện Hoài Đức\r\nHuyện Quốc Oai\r\nHuyện Thạch Thất\r\nHuyện Chương Mỹ\r\nHuyện Thanh Oai\r\nHuyện Thường Tín\r\nHuyện Phú Xuyên\r\nHuyện Ứng Hòa\r\nHuyện Mỹ Đức\r\nThành phố Hà Giang\r\nHuyện Đồng Văn\r\nHuyện Mèo Vạc\r\nHuyện Yên Minh\r\nHuyện Quản Bạ\r\nHuyện Vị Xuyên\r\nHuyện Bắc Mê\r\nHuyện Hoàng Su Phì\r\nHuyện Xín Mần\r\nHuyện Bắc Quang\r\nHuyện Quang Bình\r\nThành phố Cao Bằng\r\nHuyện Bảo Lâm\r\nHuyện Bảo Lạc\r\nHuyện Hà Quảng\r\nHuyện Trùng Khánh\r\nHuyện Hạ Lang\r\nHuyện Quảng Hòa\r\nHuyện Hoà An\r\nHuyện Nguyên Bình\r\nHuyện Thạch An\r\nThành Phố Bắc Kạn\r\nHuyện Pác Nặm\r\nHuyện Ba Bể\r\nHuyện Ngân Sơn\r\nHuyện Bạch Thông\r\nHuyện Chợ Đồn\r\nHuyện Chợ Mới\r\nHuyện Na Rì\r\nThành phố Tuyên Quang\r\nHuyện Lâm Bình\r\nHuyện Na Hang\r\nHuyện Chiêm Hóa\r\nHuyện Hàm Yên\r\nHuyện Yên Sơn\r\nHuyện Sơn Dương\r\nThành phố Lào Cai\r\nHuyện Bát Xát\r\nHuyện Mường Khương\r\nHuyện Si Ma Cai\r\nHuyện Bắc Hà\r\nHuyện Bảo Thắng\r\nHuyện Bảo Yên\r\nThị xã Sa Pa\r\nHuyện Văn Bàn\r\nThành phố Điện Biên Phủ\r\nThị xã Mường Lay\r\nHuyện Mường Nhé\r\nHuyện Mường Chà\r\nHuyện Tủa Chùa\r\nHuyện Tuần Giáo\r\nHuyện Điện Biên\r\nHuyện Điện Biên Đông\r\nHuyện Mường Ảng\r\nHuyện Nậm Pồ\r\nThành phố Lai Châu\r\nHuyện Tam Đường\r\nHuyện Mường Tè\r\nHuyện Sìn Hồ\r\nHuyện Phong Thổ\r\nHuyện Than Uyên\r\nHuyện Tân Uyên\r\nHuyện Nậm Nhùn\r\nThành phố Sơn La\r\nHuyện Quỳnh Nhai\r\nHuyện Thuận Châu\r\nHuyện Mường La\r\nHuyện Bắc Yên\r\nHuyện Phù Yên\r\nHuyện Mộc Châu\r\nHuyện Yên Châu\r\nHuyện Mai Sơn\r\nHuyện Sông Mã\r\nHuyện Sốp Cộp\r\nHuyện Vân Hồ\r\nThành phố Yên Bái\r\nThị xã Nghĩa Lộ\r\nHuyện Lục Yên\r\nHuyện Văn Yên\r\nHuyện Mù Căng Chải\r\nHuyện Trấn Yên\r\nHuyện Trạm Tấu\r\nHuyện Văn Chấn\r\nHuyện Yên Bình\r\nThành phố Hòa Bình\r\nHuyện Đà Bắc\r\nHuyện Lương Sơn\r\nHuyện Kim Bôi\r\nHuyện Cao Phong\r\nHuyện Tân Lạc\r\nHuyện Mai Châu\r\nHuyện Lạc Sơn\r\nHuyện Yên Thủy\r\nHuyện Lạc Thủy\r\nThành phố Thái Nguyên\r\nThành phố Sông Công\r\nHuyện Định Hóa\r\nHuyện Phú Lương\r\nHuyện Đồng Hỷ\r\nHuyện Võ Nhai\r\nHuyện Đại Từ\r\nThành phố Phổ Yên\r\nHuyện Phú Bình\r\nThành phố Lạng Sơn\r\nHuyện Tràng Định\r\nHuyện Bình Gia\r\nHuyện Văn Lãng\r\nHuyện Cao Lộc\r\nHuyện Văn Quan\r\nHuyện Bắc Sơn\r\nHuyện Hữu Lũng\r\nHuyện Chi Lăng\r\nHuyện Lộc Bình\r\nHuyện Đình Lập\r\nThành phố Hạ Long\r\nThành phố Móng Cái\r\nThành phố Cẩm Phả\r\nThành phố Uông Bí\r\nHuyện Bình Liêu\r\nHuyện Tiên Yên\r\nHuyện Đầm Hà\r\nHuyện Hải Hà\r\nHuyện Ba Chẽ\r\nHuyện Vân Đồn\r\nThị xã Đông Triều\r\nThị xã Quảng Yên\r\nHuyện Cô Tô\r\nThành phố Bắc Giang\r\nHuyện Yên Thế\r\nHuyện Tân Yên\r\nHuyện Lạng Giang\r\nHuyện Lục Nam\r\nHuyện Lục Ngạn\r\nHuyện Sơn Động\r\nHuyện Yên Dũng\r\nHuyện Việt Yên\r\nHuyện Hiệp Hòa\r\nThành phố Việt Trì\r\nThị xã Phú Thọ\r\nHuyện Đoan Hùng\r\nHuyện Hạ Hoà\r\nHuyện Thanh Ba\r\nHuyện Phù Ninh\r\nHuyện Yên Lập\r\nHuyện Cẩm Khê\r\nHuyện Tam Nông\r\nHuyện Lâm Thao\r\nHuyện Thanh Sơn\r\nHuyện Thanh Thuỷ\r\nHuyện Tân Sơn\r\nThành phố Vĩnh Yên\r\nThành phố Phúc Yên\r\nHuyện Lập Thạch\r\nHuyện Tam Dương\r\nHuyện Tam Đảo\r\nHuyện Bình Xuyên\r\nHuyện Yên Lạc\r\nHuyện Vĩnh Tường\r\nHuyện Sông Lô\r\nThành phố Bắc Ninh\r\nHuyện Yên Phong\r\nThị xã Quế Võ\r\nHuyện Tiên Du\r\nThành phố Từ Sơn\r\nThị xã Thuận Thành\r\nHuyện Gia Bình\r\nHuyện Lương Tài\r\nThành phố Hải Dương\r\nThành phố Chí Linh\r\nHuyện Nam Sách\r\nThị xã Kinh Môn\r\nHuyện Kim Thành\r\nHuyện Thanh Hà\r\nHuyện Cẩm Giàng\r\nHuyện Bình Giang\r\nHuyện Gia Lộc\r\nHuyện Tứ Kỳ\r\nHuyện Ninh Giang\r\nHuyện Thanh Miện\r\nQuận Hồng Bàng\r\nQuận Ngô Quyền\r\nQuận Lê Chân\r\nQuận Hải An\r\nQuận Kiến An\r\nQuận Đồ Sơn\r\nQuận Dương Kinh\r\nHuyện Thuỷ Nguyên\r\nHuyện An Dương\r\nHuyện An Lão\r\nHuyện Kiến Thuỵ\r\nHuyện Tiên Lãng\r\nHuyện Vĩnh Bảo\r\nHuyện Cát Hải\r\nHuyện Bạch Long Vĩ\r\nThành phố Hưng Yên\r\nHuyện Văn Lâm\r\nHuyện Văn Giang\r\nHuyện Yên Mỹ\r\nThị xã Mỹ Hào\r\nHuyện Ân Thi\r\nHuyện Khoái Châu\r\nHuyện Kim Động\r\nHuyện Tiên Lữ\r\nHuyện Phù Cừ\r\nThành phố Thái Bình\r\nHuyện Quỳnh Phụ\r\nHuyện Hưng Hà\r\nHuyện Đông Hưng\r\nHuyện Thái Thụy\r\nHuyện Tiền Hải\r\nHuyện Kiến Xương\r\nHuyện Vũ Thư\r\nThành phố Phủ Lý\r\nThị xã Duy Tiên\r\nHuyện Kim Bảng\r\nHuyện Thanh Liêm\r\nHuyện Bình Lục\r\nHuyện Lý Nhân\r\nThành phố Nam Định\r\nHuyện Mỹ Lộc\r\nHuyện Vụ Bản\r\nHuyện Ý Yên\r\nHuyện Nghĩa Hưng\r\nHuyện Nam Trực\r\nHuyện Trực Ninh\r\nHuyện Xuân Trường\r\nHuyện Giao Thủy\r\nHuyện Hải Hậu\r\nThành phố Ninh Bình\r\nThành phố Tam Điệp\r\nHuyện Nho Quan\r\nHuyện Gia Viễn\r\nHuyện Hoa Lư\r\nHuyện Yên Khánh\r\nHuyện Kim Sơn\r\nHuyện Yên Mô\r\nThành phố Thanh Hóa\r\nThị xã Bỉm Sơn\r\nThành phố Sầm Sơn\r\nHuyện Mường Lát\r\nHuyện Quan Hóa\r\nHuyện Bá Thước\r\nHuyện Quan Sơn\r\nHuyện Lang Chánh\r\nHuyện Ngọc Lặc\r\nHuyện Cẩm Thủy\r\nHuyện Thạch Thành\r\nHuyện Hà Trung\r\nHuyện Vĩnh Lộc\r\nHuyện Yên Định\r\nHuyện Thọ Xuân\r\nHuyện Thường Xuân\r\nHuyện Triệu Sơn\r\nHuyện Thiệu Hóa\r\nHuyện Hoằng Hóa\r\nHuyện Hậu Lộc\r\nHuyện Nga Sơn\r\nHuyện Như Xuân\r\nHuyện Như Thanh\r\nHuyện Nông Cống\r\nHuyện Đông Sơn\r\nHuyện Quảng Xương\r\nThị xã Nghi Sơn\r\nThành phố Vinh\r\nThị xã Cửa Lò\r\nThị xã Thái Hoà\r\nHuyện Quế Phong\r\nHuyện Quỳ Châu\r\nHuyện Kỳ Sơn\r\nHuyện Tương Dương\r\nHuyện Nghĩa Đàn\r\nHuyện Quỳ Hợp\r\nHuyện Quỳnh Lưu\r\nHuyện Con Cuông\r\nHuyện Tân Kỳ\r\nHuyện Anh Sơn\r\nHuyện Diễn Châu\r\nHuyện Yên Thành\r\nHuyện Đô Lương\r\nHuyện Thanh Chương\r\nHuyện Nghi Lộc\r\nHuyện Nam Đàn\r\nHuyện Hưng Nguyên\r\nThị xã Hoàng Mai\r\nThành phố Hà Tĩnh\r\nThị xã Hồng Lĩnh\r\nHuyện Hương Sơn\r\nHuyện Đức Thọ\r\nHuyện Vũ Quang\r\nHuyện Nghi Xuân\r\nHuyện Can Lộc\r\nHuyện Hương Khê\r\nHuyện Thạch Hà\r\nHuyện Cẩm Xuyên\r\nHuyện Kỳ Anh\r\nHuyện Lộc Hà\r\nThị xã Kỳ Anh\r\nThành Phố Đồng Hới\r\nHuyện Minh Hóa\r\nHuyện Tuyên Hóa\r\nHuyện Quảng Trạch\r\nHuyện Bố Trạch\r\nHuyện Quảng Ninh\r\nHuyện Lệ Thủy\r\nThị xã Ba Đồn\r\nThành phố Đông Hà\r\nThị xã Quảng Trị\r\nHuyện Vĩnh Linh\r\nHuyện Hướng Hóa\r\nHuyện Gio Linh\r\nHuyện Đa Krông\r\nHuyện Cam Lộ\r\nHuyện Triệu Phong\r\nHuyện Hải Lăng\r\nHuyện Cồn Cỏ\r\nThành phố Huế\r\nHuyện Phong Điền\r\nHuyện Quảng Điền\r\nHuyện Phú Vang\r\nThị xã Hương Thủy\r\nThị xã Hương Trà\r\nHuyện A Lưới\r\nHuyện Phú Lộc\r\nHuyện Nam Đông\r\nQuận Liên Chiểu\r\nQuận Thanh Khê\r\nQuận Hải Châu\r\nQuận Sơn Trà\r\nQuận Ngũ Hành Sơn\r\nQuận Cẩm Lệ\r\nHuyện Hòa Vang\r\nHuyện Hoàng Sa\r\nThành phố Tam Kỳ\r\nThành phố Hội An\r\nHuyện Tây Giang\r\nHuyện Đông Giang\r\nHuyện Đại Lộc\r\nThị xã Điện Bàn\r\nHuyện Duy Xuyên\r\nHuyện Quế Sơn\r\nHuyện Nam Giang\r\nHuyện Phước Sơn\r\nHuyện Hiệp Đức\r\nHuyện Thăng Bình\r\nHuyện Tiên Phước\r\nHuyện Bắc Trà My\r\nHuyện Nam Trà My\r\nHuyện Núi Thành\r\nHuyện Phú Ninh\r\nHuyện Nông Sơn\r\nThành phố Quảng Ngãi\r\nHuyện Bình Sơn\r\nHuyện Trà Bồng\r\nHuyện Sơn Tịnh\r\nHuyện Tư Nghĩa\r\nHuyện Sơn Hà\r\nHuyện Sơn Tây\r\nHuyện Minh Long\r\nHuyện Nghĩa Hành\r\nHuyện Mộ Đức\r\nThị xã Đức Phổ\r\nHuyện Ba Tơ\r\nHuyện Lý Sơn\r\nThành phố Quy Nhơn\r\nHuyện An Lão\r\nThị xã Hoài Nhơn\r\nHuyện Hoài Ân\r\nHuyện Phù Mỹ\r\nHuyện Vĩnh Thạnh\r\nHuyện Tây Sơn\r\nHuyện Phù Cát\r\nThị xã An Nhơn\r\nHuyện Tuy Phước\r\nHuyện Vân Canh\r\nThành phố Tuy Hoà\r\nThị xã Sông Cầu\r\nHuyện Đồng Xuân\r\nHuyện Tuy An\r\nHuyện Sơn Hòa\r\nHuyện Sông Hinh\r\nHuyện Tây Hoà\r\nHuyện Phú Hoà\r\nThị xã Đông Hòa\r\nThành phố Nha Trang\r\nThành phố Cam Ranh\r\nHuyện Cam Lâm\r\nHuyện Vạn Ninh\r\nThị xã Ninh Hòa\r\nHuyện Khánh Vĩnh\r\nHuyện Diên Khánh\r\nHuyện Khánh Sơn\r\nHuyện Trường Sa\r\nThành phố Phan Rang-Tháp Chàm\r\nHuyện Bác Ái\r\nHuyện Ninh Sơn\r\nHuyện Ninh Hải\r\nHuyện Ninh Phước\r\nHuyện Thuận Bắc\r\nHuyện Thuận Nam\r\nThành phố Phan Thiết\r\nThị xã La Gi\r\nHuyện Tuy Phong\r\nHuyện Bắc Bình\r\nHuyện Hàm Thuận Bắc\r\nHuyện Hàm Thuận Nam\r\nHuyện Tánh Linh\r\nHuyện Đức Linh\r\nHuyện Hàm Tân\r\nHuyện Phú Quí\r\nThành phố Kon Tum\r\nHuyện Đắk Glei\r\nHuyện Ngọc Hồi\r\nHuyện Đắk Tô\r\nHuyện Kon Plông\r\nHuyện Kon Rẫy\r\nHuyện Đắk Hà\r\nHuyện Sa Thầy\r\nHuyện Tu Mơ Rông\r\nHuyện Ia H\' Drai\r\nThành phố Pleiku\r\nThị xã An Khê\r\nThị xã Ayun Pa\r\nHuyện KBang\r\nHuyện Đăk Đoa\r\nHuyện Chư Păh\r\nHuyện Ia Grai\r\nHuyện Mang Yang\r\nHuyện Kông Chro\r\nHuyện Đức Cơ\r\nHuyện Chư Prông\r\nHuyện Chư Sê\r\nHuyện Đăk Pơ\r\nHuyện Ia Pa\r\nHuyện Krông Pa\r\nHuyện Phú Thiện\r\nHuyện Chư Pưh\r\nThành phố Buôn Ma Thuột\r\nThị xã Buôn Hồ\r\nHuyện Ea H\'leo\r\nHuyện Ea Súp\r\nHuyện Buôn Đôn\r\nHuyện Cư M\'gar\r\nHuyện Krông Búk\r\nHuyện Krông Năng\r\nHuyện Ea Kar\r\nHuyện M\'Đrắk\r\nHuyện Krông Bông\r\nHuyện Krông Pắc\r\nHuyện Krông A Na\r\nHuyện Lắk\r\nHuyện Cư Kuin\r\nThành phố Gia Nghĩa\r\nHuyện Đăk Glong\r\nHuyện Cư Jút\r\nHuyện Đắk Mil\r\nHuyện Krông Nô\r\nHuyện Đắk Song\r\nHuyện Đắk R\'Lấp\r\nHuyện Tuy Đức\r\nThành phố Đà Lạt\r\nThành phố Bảo Lộc\r\nHuyện Đam Rông\r\nHuyện Lạc Dương\r\nHuyện Lâm Hà\r\nHuyện Đơn Dương\r\nHuyện Đức Trọng\r\nHuyện Di Linh\r\nHuyện Bảo Lâm\r\nHuyện Đạ Huoai\r\nHuyện Đạ Tẻh\r\nHuyện Cát Tiên\r\nThị xã Phước Long\r\nThành phố Đồng Xoài\r\nThị xã Bình Long\r\nHuyện Bù Gia Mập\r\nHuyện Lộc Ninh\r\nHuyện Bù Đốp\r\nHuyện Hớn Quản\r\nHuyện Đồng Phú\r\nHuyện Bù Đăng\r\nThị xã Chơn Thành\r\nHuyện Phú Riềng\r\nThành phố Tây Ninh\r\nHuyện Tân Biên\r\nHuyện Tân Châu\r\nHuyện Dương Minh Châu\r\nHuyện Châu Thành\r\nThị xã Hòa Thành\r\nHuyện Gò Dầu\r\nHuyện Bến Cầu\r\nThị xã Trảng Bàng\r\nThành phố Thủ Dầu Một\r\nHuyện Bàu Bàng\r\nHuyện Dầu Tiếng\r\nThị xã Bến Cát\r\nHuyện Phú Giáo\r\nThành phố Tân Uyên\r\nThành phố Dĩ An\r\nThành phố Thuận An\r\nHuyện Bắc Tân Uyên\r\nThành phố Biên Hòa\r\nThành phố Long Khánh\r\nHuyện Tân Phú\r\nHuyện Vĩnh Cửu\r\nHuyện Định Quán\r\nHuyện Trảng Bom\r\nHuyện Thống Nhất\r\nHuyện Cẩm Mỹ\r\nHuyện Long Thành\r\nHuyện Xuân Lộc\r\nHuyện Nhơn Trạch\r\nThành phố Vũng Tàu\r\nThành phố Bà Rịa\r\nHuyện Châu Đức\r\nHuyện Xuyên Mộc\r\nHuyện Long Điền\r\nHuyện Đất Đỏ\r\nThị xã Phú Mỹ\r\nHuyện Côn Đảo\r\nQuận 1\r\nQuận 12\r\nQuận Gò Vấp\r\nQuận Bình Thạnh\r\nQuận Tân Bình\r\nQuận Tân Phú\r\nQuận Phú Nhuận\r\nThành phố Thủ Đức\r\nQuận 3\r\nQuận 10\r\nQuận 11\r\nQuận 4\r\nQuận 5\r\nQuận 6\r\nQuận 8\r\nQuận Bình Tân\r\nQuận 7\r\nHuyện Củ Chi\r\nHuyện Hóc Môn\r\nHuyện Bình Chánh\r\nHuyện Nhà Bè\r\nHuyện Cần Giờ\r\nThành phố Tân An\r\nThị xã Kiến Tường\r\nHuyện Tân Hưng\r\nHuyện Vĩnh Hưng\r\nHuyện Mộc Hóa\r\nHuyện Tân Thạnh\r\nHuyện Thạnh Hóa\r\nHuyện Đức Huệ\r\nHuyện Đức Hòa\r\nHuyện Bến Lức\r\nHuyện Thủ Thừa\r\nHuyện Tân Trụ\r\nHuyện Cần Đước\r\nHuyện Cần Giuộc\r\nHuyện Châu Thành\r\nThành phố Mỹ Tho\r\nThị xã Gò Công\r\nThị xã Cai Lậy\r\nHuyện Tân Phước\r\nHuyện Cái Bè\r\nHuyện Cai Lậy\r\nHuyện Châu Thành\r\nHuyện Chợ Gạo\r\nHuyện Gò Công Tây\r\nHuyện Gò Công Đông\r\nHuyện Tân Phú Đông\r\nThành phố Bến Tre\r\nHuyện Châu Thành\r\nHuyện Chợ Lách\r\nHuyện Mỏ Cày Nam\r\nHuyện Giồng Trôm\r\nHuyện Bình Đại\r\nHuyện Ba Tri\r\nHuyện Thạnh Phú\r\nHuyện Mỏ Cày Bắc\r\nThành phố Trà Vinh\r\nHuyện Càng Long\r\nHuyện Cầu Kè\r\nHuyện Tiểu Cần\r\nHuyện Châu Thành\r\nHuyện Cầu Ngang\r\nHuyện Trà Cú\r\nHuyện Duyên Hải\r\nThị xã Duyên Hải\r\nThành phố Vĩnh Long\r\nHuyện Long Hồ\r\nHuyện Mang Thít\r\nHuyện Vũng Liêm\r\nHuyện Tam Bình\r\nThị xã Bình Minh\r\nHuyện Trà Ôn\r\nHuyện Bình Tân\r\nThành phố Cao Lãnh\r\nThành phố Sa Đéc\r\nThành phố Hồng Ngự\r\nHuyện Tân Hồng\r\nHuyện Hồng Ngự\r\nHuyện Tam Nông\r\nHuyện Tháp Mười\r\nHuyện Cao Lãnh\r\nHuyện Thanh Bình\r\nHuyện Lấp Vò\r\nHuyện Lai Vung\r\nHuyện Châu Thành\r\nThành phố Long Xuyên\r\nThành phố Châu Đốc\r\nHuyện An Phú\r\nThị xã Tân Châu\r\nHuyện Phú Tân\r\nHuyện Châu Phú\r\nThị xã Tịnh Biên\r\nHuyện Tri Tôn\r\nHuyện Châu Thành\r\nHuyện Chợ Mới\r\nHuyện Thoại Sơn\r\nThành phố Rạch Giá\r\nThành phố Hà Tiên\r\nHuyện Kiên Lương\r\nHuyện Hòn Đất\r\nHuyện Tân Hiệp\r\nHuyện Châu Thành\r\nHuyện Giồng Riềng\r\nHuyện Gò Quao\r\nHuyện An Biên\r\nHuyện An Minh\r\nHuyện Vĩnh Thuận\r\nThành phố Phú Quốc\r\nHuyện Kiên Hải\r\nHuyện U Minh Thượng\r\nHuyện Giang Thành\r\nQuận Ninh Kiều\r\nQuận Ô Môn\r\nQuận Bình Thuỷ\r\nQuận Cái Răng\r\nQuận Thốt Nốt\r\nHuyện Vĩnh Thạnh\r\nHuyện Cờ Đỏ\r\nHuyện Phong Điền\r\nHuyện Thới Lai\r\nThành phố Vị Thanh\r\nThành phố Ngã Bảy\r\nHuyện Châu Thành A\r\nHuyện Châu Thành\r\nHuyện Phụng Hiệp\r\nHuyện Vị Thuỷ\r\nHuyện Long Mỹ\r\nThị xã Long Mỹ\r\nThành phố Sóc Trăng\r\nHuyện Châu Thành\r\nHuyện Kế Sách\r\nHuyện Mỹ Tú\r\nHuyện Cù Lao Dung\r\nHuyện Long Phú\r\nHuyện Mỹ Xuyên\r\nThị xã Ngã Năm\r\nHuyện Thạnh Trị\r\nThị xã Vĩnh Châu\r\nHuyện Trần Đề\r\nThành phố Bạc Liêu\r\nHuyện Hồng Dân\r\nHuyện Phước Long\r\nHuyện Vĩnh Lợi\r\nThị xã Giá Rai\r\nHuyện Đông Hải\r\nHuyện Hoà Bình\r\nThành phố Cà Mau\r\nHuyện U Minh\r\nHuyện Thới Bình\r\nHuyện Trần Văn Thời\r\nHuyện Cái Nước\r\nHuyện Đầm Dơi\r\nHuyện Năm Căn\r\nHuyện Phú Tân\r\nHuyện Ngọc Hiển', 'Quận Ba Đình\r\nQuận Hoàn Kiếm\r\nQuận Tây Hồ\r\nQuận Long Biên\r\nQuận Cầu Giấy\r\nQuận Đống Đa\r\nQuận Hai Bà Trưng\r\nQuận Hoàng Mai\r\nQuận Thanh Xuân\r\nHuyện Sóc Sơn\r\nHuyện Đông Anh\r\nHuyện Gia Lâm\r\nQuận Nam Từ Liêm\r\nHuyện Thanh Trì\r\nQuận Bắc Từ Liêm\r\nHuyện Mê Linh\r\nQuận Hà Đông\r\nThị xã Sơn Tây\r\nHuyện Ba Vì\r\nHuyện Phúc Thọ\r\nHuyện Đan Phượng\r\nHuyện Hoài Đức\r\nHuyện Quốc Oai\r\nHuyện Thạch Thất\r\nHuyện Chương Mỹ\r\nHuyện Thanh Oai\r\nHuyện Thường Tín\r\nHuyện Phú Xuyên\r\nHuyện Ứng Hòa\r\nHuyện Mỹ Đức\r\nThành phố Hà Giang\r\nHuyện Đồng Văn\r\nHuyện Mèo Vạc\r\nHuyện Yên Minh\r\nHuyện Quản Bạ\r\nHuyện Vị Xuyên\r\nHuyện Bắc Mê\r\nHuyện Hoàng Su Phì\r\nHuyện Xín Mần\r\nHuyện Bắc Quang\r\nHuyện Quang Bình\r\nThành phố Cao Bằng\r\nHuyện Bảo Lâm\r\nHuyện Bảo Lạc\r\nHuyện Hà Quảng\r\nHuyện Trùng Khánh\r\nHuyện Hạ Lang\r\nHuyện Quảng Hòa\r\nHuyện Hoà An\r\nHuyện Nguyên Bình\r\nHuyện Thạch An\r\nThành Phố Bắc Kạn\r\nHuyện Pác Nặm\r\nHuyện Ba Bể\r\nHuyện Ngân Sơn\r\nHuyện Bạch Thông\r\nHuyện Chợ Đồn\r\nHuyện Chợ Mới\r\nHuyện Na Rì\r\nThành phố Tuyên Quang\r\nHuyện Lâm Bình\r\nHuyện Na Hang\r\nHuyện Chiêm Hóa\r\nHuyện Hàm Yên\r\nHuyện Yên Sơn\r\nHuyện Sơn Dương\r\nThành phố Lào Cai\r\nHuyện Bát Xát\r\nHuyện Mường Khương\r\nHuyện Si Ma Cai\r\nHuyện Bắc Hà\r\nHuyện Bảo Thắng\r\nHuyện Bảo Yên\r\nThị xã Sa Pa\r\nHuyện Văn Bàn\r\nThành phố Điện Biên Phủ\r\nThị xã Mường Lay\r\nHuyện Mường Nhé\r\nHuyện Mường Chà\r\nHuyện Tủa Chùa\r\nHuyện Tuần Giáo\r\nHuyện Điện Biên\r\nHuyện Điện Biên Đông\r\nHuyện Mường Ảng\r\nHuyện Nậm Pồ\r\nThành phố Lai Châu\r\nHuyện Tam Đường\r\nHuyện Mường Tè\r\nHuyện Sìn Hồ\r\nHuyện Phong Thổ\r\nHuyện Than Uyên\r\nHuyện Tân Uyên\r\nHuyện Nậm Nhùn\r\nThành phố Sơn La\r\nHuyện Quỳnh Nhai\r\nHuyện Thuận Châu\r\nHuyện Mường La\r\nHuyện Bắc Yên\r\nHuyện Phù Yên\r\nHuyện Mộc Châu\r\nHuyện Yên Châu\r\nHuyện Mai Sơn\r\nHuyện Sông Mã\r\nHuyện Sốp Cộp\r\nHuyện Vân Hồ\r\nThành phố Yên Bái\r\nThị xã Nghĩa Lộ\r\nHuyện Lục Yên\r\nHuyện Văn Yên\r\nHuyện Mù Căng Chải\r\nHuyện Trấn Yên\r\nHuyện Trạm Tấu\r\nHuyện Văn Chấn\r\nHuyện Yên Bình\r\nThành phố Hòa Bình\r\nHuyện Đà Bắc\r\nHuyện Lương Sơn\r\nHuyện Kim Bôi\r\nHuyện Cao Phong\r\nHuyện Tân Lạc\r\nHuyện Mai Châu\r\nHuyện Lạc Sơn\r\nHuyện Yên Thủy\r\nHuyện Lạc Thủy\r\nThành phố Thái Nguyên\r\nThành phố Sông Công\r\nHuyện Định Hóa\r\nHuyện Phú Lương\r\nHuyện Đồng Hỷ\r\nHuyện Võ Nhai\r\nHuyện Đại Từ\r\nThành phố Phổ Yên\r\nHuyện Phú Bình\r\nThành phố Lạng Sơn\r\nHuyện Tràng Định\r\nHuyện Bình Gia\r\nHuyện Văn Lãng\r\nHuyện Cao Lộc\r\nHuyện Văn Quan\r\nHuyện Bắc Sơn\r\nHuyện Hữu Lũng\r\nHuyện Chi Lăng\r\nHuyện Lộc Bình\r\nHuyện Đình Lập\r\nThành phố Hạ Long\r\nThành phố Móng Cái\r\nThành phố Cẩm Phả\r\nThành phố Uông Bí\r\nHuyện Bình Liêu\r\nHuyện Tiên Yên\r\nHuyện Đầm Hà\r\nHuyện Hải Hà\r\nHuyện Ba Chẽ\r\nHuyện Vân Đồn\r\nThị xã Đông Triều\r\nThị xã Quảng Yên\r\nHuyện Cô Tô\r\nThành phố Bắc Giang\r\nHuyện Yên Thế\r\nHuyện Tân Yên\r\nHuyện Lạng Giang\r\nHuyện Lục Nam\r\nHuyện Lục Ngạn\r\nHuyện Sơn Động\r\nHuyện Yên Dũng\r\nHuyện Việt Yên\r\nHuyện Hiệp Hòa\r\nThành phố Việt Trì\r\nThị xã Phú Thọ\r\nHuyện Đoan Hùng\r\nHuyện Hạ Hoà\r\nHuyện Thanh Ba\r\nHuyện Phù Ninh\r\nHuyện Yên Lập\r\nHuyện Cẩm Khê\r\nHuyện Tam Nông\r\nHuyện Lâm Thao\r\nHuyện Thanh Sơn\r\nHuyện Thanh Thuỷ\r\nHuyện Tân Sơn\r\nThành phố Vĩnh Yên\r\nThành phố Phúc Yên\r\nHuyện Lập Thạch\r\nHuyện Tam Dương\r\nHuyện Tam Đảo\r\nHuyện Bình Xuyên\r\nHuyện Yên Lạc\r\nHuyện Vĩnh Tường\r\nHuyện Sông Lô\r\nThành phố Bắc Ninh\r\nHuyện Yên Phong\r\nThị xã Quế Võ\r\nHuyện Tiên Du\r\nThành phố Từ Sơn\r\nThị xã Thuận Thành\r\nHuyện Gia Bình\r\nHuyện Lương Tài\r\nThành phố Hải Dương\r\nThành phố Chí Linh\r\nHuyện Nam Sách\r\nThị xã Kinh Môn\r\nHuyện Kim Thành\r\nHuyện Thanh Hà\r\nHuyện Cẩm Giàng\r\nHuyện Bình Giang\r\nHuyện Gia Lộc\r\nHuyện Tứ Kỳ\r\nHuyện Ninh Giang\r\nHuyện Thanh Miện\r\nQuận Hồng Bàng\r\nQuận Ngô Quyền\r\nQuận Lê Chân\r\nQuận Hải An\r\nQuận Kiến An\r\nQuận Đồ Sơn\r\nQuận Dương Kinh\r\nHuyện Thuỷ Nguyên\r\nHuyện An Dương\r\nHuyện An Lão\r\nHuyện Kiến Thuỵ\r\nHuyện Tiên Lãng\r\nHuyện Vĩnh Bảo\r\nHuyện Cát Hải\r\nHuyện Bạch Long Vĩ\r\nThành phố Hưng Yên\r\nHuyện Văn Lâm\r\nHuyện Văn Giang\r\nHuyện Yên Mỹ\r\nThị xã Mỹ Hào\r\nHuyện Ân Thi\r\nHuyện Khoái Châu\r\nHuyện Kim Động\r\nHuyện Tiên Lữ\r\nHuyện Phù Cừ\r\nThành phố Thái Bình\r\nHuyện Quỳnh Phụ\r\nHuyện Hưng Hà\r\nHuyện Đông Hưng\r\nHuyện Thái Thụy\r\nHuyện Tiền Hải\r\nHuyện Kiến Xương\r\nHuyện Vũ Thư\r\nThành phố Phủ Lý\r\nThị xã Duy Tiên\r\nHuyện Kim Bảng\r\nHuyện Thanh Liêm\r\nHuyện Bình Lục\r\nHuyện Lý Nhân\r\nThành phố Nam Định\r\nHuyện Mỹ Lộc\r\nHuyện Vụ Bản\r\nHuyện Ý Yên\r\nHuyện Nghĩa Hưng\r\nHuyện Nam Trực\r\nHuyện Trực Ninh\r\nHuyện Xuân Trường\r\nHuyện Giao Thủy\r\nHuyện Hải Hậu\r\nThành phố Ninh Bình\r\nThành phố Tam Điệp\r\nHuyện Nho Quan\r\nHuyện Gia Viễn\r\nHuyện Hoa Lư\r\nHuyện Yên Khánh\r\nHuyện Kim Sơn\r\nHuyện Yên Mô\r\nThành phố Thanh Hóa\r\nThị xã Bỉm Sơn\r\nThành phố Sầm Sơn\r\nHuyện Mường Lát\r\nHuyện Quan Hóa\r\nHuyện Bá Thước\r\nHuyện Quan Sơn\r\nHuyện Lang Chánh\r\nHuyện Ngọc Lặc\r\nHuyện Cẩm Thủy\r\nHuyện Thạch Thành\r\nHuyện Hà Trung\r\nHuyện Vĩnh Lộc\r\nHuyện Yên Định\r\nHuyện Thọ Xuân\r\nHuyện Thường Xuân\r\nHuyện Triệu Sơn\r\nHuyện Thiệu Hóa\r\nHuyện Hoằng Hóa\r\nHuyện Hậu Lộc\r\nHuyện Nga Sơn\r\nHuyện Như Xuân\r\nHuyện Như Thanh\r\nHuyện Nông Cống\r\nHuyện Đông Sơn\r\nHuyện Quảng Xương\r\nThị xã Nghi Sơn\r\nThành phố Vinh\r\nThị xã Cửa Lò\r\nThị xã Thái Hoà\r\nHuyện Quế Phong\r\nHuyện Quỳ Châu\r\nHuyện Kỳ Sơn\r\nHuyện Tương Dương\r\nHuyện Nghĩa Đàn\r\nHuyện Quỳ Hợp\r\nHuyện Quỳnh Lưu\r\nHuyện Con Cuông\r\nHuyện Tân Kỳ\r\nHuyện Anh Sơn\r\nHuyện Diễn Châu\r\nHuyện Yên Thành\r\nHuyện Đô Lương\r\nHuyện Thanh Chương\r\nHuyện Nghi Lộc\r\nHuyện Nam Đàn\r\nHuyện Hưng Nguyên\r\nThị xã Hoàng Mai\r\nThành phố Hà Tĩnh\r\nThị xã Hồng Lĩnh\r\nHuyện Hương Sơn\r\nHuyện Đức Thọ\r\nHuyện Vũ Quang\r\nHuyện Nghi Xuân\r\nHuyện Can Lộc\r\nHuyện Hương Khê\r\nHuyện Thạch Hà\r\nHuyện Cẩm Xuyên\r\nHuyện Kỳ Anh\r\nHuyện Lộc Hà\r\nThị xã Kỳ Anh\r\nThành Phố Đồng Hới\r\nHuyện Minh Hóa\r\nHuyện Tuyên Hóa\r\nHuyện Quảng Trạch\r\nHuyện Bố Trạch\r\nHuyện Quảng Ninh\r\nHuyện Lệ Thủy\r\nThị xã Ba Đồn\r\nThành phố Đông Hà\r\nThị xã Quảng Trị\r\nHuyện Vĩnh Linh\r\nHuyện Hướng Hóa\r\nHuyện Gio Linh\r\nHuyện Đa Krông\r\nHuyện Cam Lộ\r\nHuyện Triệu Phong\r\nHuyện Hải Lăng\r\nHuyện Cồn Cỏ\r\nThành phố Huế\r\nHuyện Phong Điền\r\nHuyện Quảng Điền\r\nHuyện Phú Vang\r\nThị xã Hương Thủy\r\nThị xã Hương Trà\r\nHuyện A Lưới\r\nHuyện Phú Lộc\r\nHuyện Nam Đông\r\nQuận Liên Chiểu\r\nQuận Thanh Khê\r\nQuận Hải Châu\r\nQuận Sơn Trà\r\nQuận Ngũ Hành Sơn\r\nQuận Cẩm Lệ\r\nHuyện Hòa Vang\r\nHuyện Hoàng Sa\r\nThành phố Tam Kỳ\r\nThành phố Hội An\r\nHuyện Tây Giang\r\nHuyện Đông Giang\r\nHuyện Đại Lộc\r\nThị xã Điện Bàn\r\nHuyện Duy Xuyên\r\nHuyện Quế Sơn\r\nHuyện Nam Giang\r\nHuyện Phước Sơn\r\nHuyện Hiệp Đức\r\nHuyện Thăng Bình\r\nHuyện Tiên Phước\r\nHuyện Bắc Trà My\r\nHuyện Nam Trà My\r\nHuyện Núi Thành\r\nHuyện Phú Ninh\r\nHuyện Nông Sơn\r\nThành phố Quảng Ngãi\r\nHuyện Bình Sơn\r\nHuyện Trà Bồng\r\nHuyện Sơn Tịnh\r\nHuyện Tư Nghĩa\r\nHuyện Sơn Hà\r\nHuyện Sơn Tây\r\nHuyện Minh Long\r\nHuyện Nghĩa Hành\r\nHuyện Mộ Đức\r\nThị xã Đức Phổ\r\nHuyện Ba Tơ\r\nHuyện Lý Sơn\r\nThành phố Quy Nhơn\r\nHuyện An Lão\r\nThị xã Hoài Nhơn\r\nHuyện Hoài Ân\r\nHuyện Phù Mỹ\r\nHuyện Vĩnh Thạnh\r\nHuyện Tây Sơn\r\nHuyện Phù Cát\r\nThị xã An Nhơn\r\nHuyện Tuy Phước\r\nHuyện Vân Canh\r\nThành phố Tuy Hoà\r\nThị xã Sông Cầu\r\nHuyện Đồng Xuân\r\nHuyện Tuy An\r\nHuyện Sơn Hòa\r\nHuyện Sông Hinh\r\nHuyện Tây Hoà\r\nHuyện Phú Hoà\r\nThị xã Đông Hòa\r\nThành phố Nha Trang\r\nThành phố Cam Ranh\r\nHuyện Cam Lâm\r\nHuyện Vạn Ninh\r\nThị xã Ninh Hòa\r\nHuyện Khánh Vĩnh\r\nHuyện Diên Khánh\r\nHuyện Khánh Sơn\r\nHuyện Trường Sa\r\nThành phố Phan Rang-Tháp Chàm\r\nHuyện Bác Ái\r\nHuyện Ninh Sơn\r\nHuyện Ninh Hải\r\nHuyện Ninh Phước\r\nHuyện Thuận Bắc\r\nHuyện Thuận Nam\r\nThành phố Phan Thiết\r\nThị xã La Gi\r\nHuyện Tuy Phong\r\nHuyện Bắc Bình\r\nHuyện Hàm Thuận Bắc\r\nHuyện Hàm Thuận Nam\r\nHuyện Tánh Linh\r\nHuyện Đức Linh\r\nHuyện Hàm Tân\r\nHuyện Phú Quí\r\nThành phố Kon Tum\r\nHuyện Đắk Glei\r\nHuyện Ngọc Hồi\r\nHuyện Đắk Tô\r\nHuyện Kon Plông\r\nHuyện Kon Rẫy\r\nHuyện Đắk Hà\r\nHuyện Sa Thầy\r\nHuyện Tu Mơ Rông\r\nHuyện Ia H\' Drai\r\nThành phố Pleiku\r\nThị xã An Khê\r\nThị xã Ayun Pa\r\nHuyện KBang\r\nHuyện Đăk Đoa\r\nHuyện Chư Păh\r\nHuyện Ia Grai\r\nHuyện Mang Yang\r\nHuyện Kông Chro\r\nHuyện Đức Cơ\r\nHuyện Chư Prông\r\nHuyện Chư Sê\r\nHuyện Đăk Pơ\r\nHuyện Ia Pa\r\nHuyện Krông Pa\r\nHuyện Phú Thiện\r\nHuyện Chư Pưh\r\nThành phố Buôn Ma Thuột\r\nThị xã Buôn Hồ\r\nHuyện Ea H\'leo\r\nHuyện Ea Súp\r\nHuyện Buôn Đôn\r\nHuyện Cư M\'gar\r\nHuyện Krông Búk\r\nHuyện Krông Năng\r\nHuyện Ea Kar\r\nHuyện M\'Đrắk\r\nHuyện Krông Bông\r\nHuyện Krông Pắc\r\nHuyện Krông A Na\r\nHuyện Lắk\r\nHuyện Cư Kuin\r\nThành phố Gia Nghĩa\r\nHuyện Đăk Glong\r\nHuyện Cư Jút\r\nHuyện Đắk Mil\r\nHuyện Krông Nô\r\nHuyện Đắk Song\r\nHuyện Đắk R\'Lấp\r\nHuyện Tuy Đức\r\nThành phố Đà Lạt\r\nThành phố Bảo Lộc\r\nHuyện Đam Rông\r\nHuyện Lạc Dương\r\nHuyện Lâm Hà\r\nHuyện Đơn Dương\r\nHuyện Đức Trọng\r\nHuyện Di Linh\r\nHuyện Bảo Lâm\r\nHuyện Đạ Huoai\r\nHuyện Đạ Tẻh\r\nHuyện Cát Tiên\r\nThị xã Phước Long\r\nThành phố Đồng Xoài\r\nThị xã Bình Long\r\nHuyện Bù Gia Mập\r\nHuyện Lộc Ninh\r\nHuyện Bù Đốp\r\nHuyện Hớn Quản\r\nHuyện Đồng Phú\r\nHuyện Bù Đăng\r\nThị xã Chơn Thành\r\nHuyện Phú Riềng\r\nThành phố Tây Ninh\r\nHuyện Tân Biên\r\nHuyện Tân Châu\r\nHuyện Dương Minh Châu\r\nHuyện Châu Thành\r\nThị xã Hòa Thành\r\nHuyện Gò Dầu\r\nHuyện Bến Cầu\r\nThị xã Trảng Bàng\r\nThành phố Thủ Dầu Một\r\nHuyện Bàu Bàng\r\nHuyện Dầu Tiếng\r\nThị xã Bến Cát\r\nHuyện Phú Giáo\r\nThành phố Tân Uyên\r\nThành phố Dĩ An\r\nThành phố Thuận An\r\nHuyện Bắc Tân Uyên\r\nThành phố Biên Hòa\r\nThành phố Long Khánh\r\nHuyện Tân Phú\r\nHuyện Vĩnh Cửu\r\nHuyện Định Quán\r\nHuyện Trảng Bom\r\nHuyện Thống Nhất\r\nHuyện Cẩm Mỹ\r\nHuyện Long Thành\r\nHuyện Xuân Lộc\r\nHuyện Nhơn Trạch\r\nThành phố Vũng Tàu\r\nThành phố Bà Rịa\r\nHuyện Châu Đức\r\nHuyện Xuyên Mộc\r\nHuyện Long Điền\r\nHuyện Đất Đỏ\r\nThị xã Phú Mỹ\r\nHuyện Côn Đảo\r\nQuận 1\r\nQuận 12\r\nQuận Gò Vấp\r\nQuận Bình Thạnh\r\nQuận Tân Bình\r\nQuận Tân Phú\r\nQuận Phú Nhuận\r\nThành phố Thủ Đức\r\nQuận 3\r\nQuận 10\r\nQuận 11\r\nQuận 4\r\nQuận 5\r\nQuận 6\r\nQuận 8\r\nQuận Bình Tân\r\nQuận 7\r\nHuyện Củ Chi\r\nHuyện Hóc Môn\r\nHuyện Bình Chánh\r\nHuyện Nhà Bè\r\nHuyện Cần Giờ\r\nThành phố Tân An\r\nThị xã Kiến Tường\r\nHuyện Tân Hưng\r\nHuyện Vĩnh Hưng\r\nHuyện Mộc Hóa\r\nHuyện Tân Thạnh\r\nHuyện Thạnh Hóa\r\nHuyện Đức Huệ\r\nHuyện Đức Hòa\r\nHuyện Bến Lức\r\nHuyện Thủ Thừa\r\nHuyện Tân Trụ\r\nHuyện Cần Đước\r\nHuyện Cần Giuộc\r\nHuyện Châu Thành\r\nThành phố Mỹ Tho\r\nThị xã Gò Công\r\nThị xã Cai Lậy\r\nHuyện Tân Phước\r\nHuyện Cái Bè\r\nHuyện Cai Lậy\r\nHuyện Châu Thành\r\nHuyện Chợ Gạo\r\nHuyện Gò Công Tây\r\nHuyện Gò Công Đông\r\nHuyện Tân Phú Đông\r\nThành phố Bến Tre\r\nHuyện Châu Thành\r\nHuyện Chợ Lách\r\nHuyện Mỏ Cày Nam\r\nHuyện Giồng Trôm\r\nHuyện Bình Đại\r\nHuyện Ba Tri\r\nHuyện Thạnh Phú\r\nHuyện Mỏ Cày Bắc\r\nThành phố Trà Vinh\r\nHuyện Càng Long\r\nHuyện Cầu Kè\r\nHuyện Tiểu Cần\r\nHuyện Châu Thành\r\nHuyện Cầu Ngang\r\nHuyện Trà Cú\r\nHuyện Duyên Hải\r\nThị xã Duyên Hải\r\nThành phố Vĩnh Long\r\nHuyện Long Hồ\r\nHuyện Mang Thít\r\nHuyện Vũng Liêm\r\nHuyện Tam Bình\r\nThị xã Bình Minh\r\nHuyện Trà Ôn\r\nHuyện Bình Tân\r\nThành phố Cao Lãnh\r\nThành phố Sa Đéc\r\nThành phố Hồng Ngự\r\nHuyện Tân Hồng\r\nHuyện Hồng Ngự\r\nHuyện Tam Nông\r\nHuyện Tháp Mười\r\nHuyện Cao Lãnh\r\nHuyện Thanh Bình\r\nHuyện Lấp Vò\r\nHuyện Lai Vung\r\nHuyện Châu Thành\r\nThành phố Long Xuyên\r\nThành phố Châu Đốc\r\nHuyện An Phú\r\nThị xã Tân Châu\r\nHuyện Phú Tân\r\nHuyện Châu Phú\r\nThị xã Tịnh Biên\r\nHuyện Tri Tôn\r\nHuyện Châu Thành\r\nHuyện Chợ Mới\r\nHuyện Thoại Sơn\r\nThành phố Rạch Giá\r\nThành phố Hà Tiên\r\nHuyện Kiên Lương\r\nHuyện Hòn Đất\r\nHuyện Tân Hiệp\r\nHuyện Châu Thành\r\nHuyện Giồng Riềng\r\nHuyện Gò Quao\r\nHuyện An Biên\r\nHuyện An Minh\r\nHuyện Vĩnh Thuận\r\nThành phố Phú Quốc\r\nHuyện Kiên Hải\r\nHuyện U Minh Thượng\r\nHuyện Giang Thành\r\nQuận Ninh Kiều\r\nQuận Ô Môn\r\nQuận Bình Thuỷ\r\nQuận Cái Răng\r\nQuận Thốt Nốt\r\nHuyện Vĩnh Thạnh\r\nHuyện Cờ Đỏ\r\nHuyện Phong Điền\r\nHuyện Thới Lai\r\nThành phố Vị Thanh\r\nThành phố Ngã Bảy\r\nHuyện Châu Thành A\r\nHuyện Châu Thành\r\nHuyện Phụng Hiệp\r\nHuyện Vị Thuỷ\r\nHuyện Long Mỹ\r\nThị xã Long Mỹ\r\nThành phố Sóc Trăng\r\nHuyện Châu Thành\r\nHuyện Kế Sách\r\nHuyện Mỹ Tú\r\nHuyện Cù Lao Dung\r\nHuyện Long Phú\r\nHuyện Mỹ Xuyên\r\nThị xã Ngã Năm\r\nHuyện Thạnh Trị\r\nThị xã Vĩnh Châu\r\nHuyện Trần Đề\r\nThành phố Bạc Liêu\r\nHuyện Hồng Dân\r\nHuyện Phước Long\r\nHuyện Vĩnh Lợi\r\nThị xã Giá Rai\r\nHuyện Đông Hải\r\nHuyện Hoà Bình\r\nThành phố Cà Mau\r\nHuyện U Minh\r\nHuyện Thới Bình\r\nHuyện Trần Văn Thời\r\nHuyện Cái Nước\r\nHuyện Đầm Dơi\r\nHuyện Năm Căn\r\nHuyện Phú Tân\r\nHuyện Ngọc Hiển', 2, 1, 1, 0, 0, 0, 0, 0, 'all', NULL, '0', '0', '0', 1, 1, '2023-07-09 21:42:11', '2023-07-10 01:03:05'),
	(3, 5, 0, 'Address', 'Address', 'Địa chỉ', NULL, NULL, NULL, NULL, 3, 1, 1, 1, 0, 0, 0, 0, 'all', NULL, '0', '0', '0', 1, 1, '2023-07-09 21:42:11', '2023-07-10 01:03:00'),
	(4, 5, 2, 'Price', 'Price', 'Giá', NULL, NULL, NULL, NULL, 4, 1, 1, 1, 0, 0, 0, 0, 'all', NULL, '0', '0', '0', 1, 1, '2023-07-09 21:42:11', '2023-07-10 00:38:10'),
	(5, 5, 6, 'Per', 'Per', 'Theo', NULL, 'Year\r\nMonth\r\nDay', 'Year\r\nMonth\r\nDay', 'Năm\r\nTháng\r\nNgày', 5, 1, 1, 1, 0, 0, 0, 0, 'all', NULL, '0', '0', '0', 1, 1, '2023-07-09 21:42:11', '2023-07-10 00:52:07'),
	(6, 5, 1, 'Total Area', 'Total Area', 'Diện tích', NULL, NULL, NULL, NULL, 6, 1, 0, 0, 0, 0, 0, 0, 'all', NULL, '0', '0', '0', 1, NULL, '2023-07-09 21:42:11', '2023-07-09 21:42:11'),
	(7, 5, 2, 'Total Room ', 'Total Room ', 'Số  phòng', NULL, NULL, NULL, NULL, 7, 1, 0, 0, 0, 0, 0, 0, 'all', NULL, '0', '0', '0', 1, NULL, '2023-07-09 21:42:11', '2023-07-09 21:42:11'),
	(8, 5, 2, 'Total Bedroom', 'Total Bedroom', 'Số  phòng ngủ', NULL, NULL, NULL, NULL, 8, 1, 0, 0, 0, 0, 0, 0, 'all', NULL, '0', '0', '0', 1, NULL, '2023-07-09 21:42:11', '2023-07-09 21:42:11'),
	(9, 5, 2, 'Total Bathroom', 'Total Bathroom', 'Số  phòng tắm', NULL, NULL, NULL, NULL, 9, 1, 0, 0, 0, 0, 0, 0, 'all', NULL, '0', '0', '0', 1, NULL, '2023-07-09 21:42:11', '2023-07-09 21:42:11'),
	(10, 5, 6, 'Type of money', 'Type of money', 'Loại Tiền', 'USD', 'VND\r\nUSD\r\nJPY', 'VND\r\nUSD\r\nJPY', 'VND\r\nUSD\r\nJPY', 10, 1, 1, 1, 0, 0, 0, 0, 'all', 'b-b-success', '0', '0', '0', 1, 1, '2023-07-10 00:26:41', '2023-07-10 01:03:20');

-- Dumping data for table nine_housing.webmaster_settings: ~0 rows (approximately)
INSERT INTO `webmaster_settings` (`id`, `seo_status`, `analytics_status`, `banners_status`, `inbox_status`, `calendar_status`, `settings_status`, `newsletter_status`, `members_status`, `orders_status`, `shop_status`, `shop_settings_status`, `default_currency_id`, `languages_by_default`, `latest_news_section_id`, `header_menu_id`, `footer_menu_id`, `home_banners_section_id`, `home_text_banners_section_id`, `side_banners_section_id`, `contact_page_id`, `newsletter_contacts_group`, `new_comments_status`, `links_status`, `register_status`, `permission_group`, `api_status`, `api_key`, `home_content1_section_id`, `home_content2_section_id`, `home_content3_section_id`, `home_contents_per_page`, `mail_driver`, `mail_host`, `mail_port`, `mail_username`, `mail_password`, `mail_encryption`, `mail_no_replay`, `mail_title`, `mail_template`, `nocaptcha_status`, `nocaptcha_secret`, `nocaptcha_sitekey`, `google_tags_status`, `google_tags_id`, `google_analytics_code`, `login_facebook_status`, `login_facebook_client_id`, `login_facebook_client_secret`, `login_twitter_status`, `login_twitter_client_id`, `login_twitter_client_secret`, `login_google_status`, `login_google_client_id`, `login_google_client_secret`, `login_linkedin_status`, `login_linkedin_client_id`, `login_linkedin_client_secret`, `login_github_status`, `login_github_client_id`, `login_github_client_secret`, `login_bitbucket_status`, `login_bitbucket_client_id`, `login_bitbucket_client_secret`, `dashboard_link_status`, `text_editor`, `tiny_key`, `timezone`, `version`, `created_by`, `updated_by`, `created_at`, `updated_at`) VALUES
	(1, 1, 1, 1, 1, 1, 1, 1, 0, 0, 0, 0, 5, 'en', 3, 1, 2, 1, 2, 3, 2, 1, 1, 0, 0, 3, 0, '402784613679330', 7, 4, 9, 20, 'smtp', '', '', '', '', '', 'noreply@site.com', '{title}', '{details}', 0, '', '', 0, '', '', 0, '', '', 0, '', '', 0, '', '', 0, '', '', 0, '', '', 0, '', '', 1, 2, NULL, 'UTC', '8.6.0', 1, NULL, '2023-07-09 21:42:11', '2023-07-09 21:42:11');

/*!40103 SET TIME_ZONE=IFNULL(@OLD_TIME_ZONE, 'system') */;
/*!40101 SET SQL_MODE=IFNULL(@OLD_SQL_MODE, '') */;
/*!40014 SET FOREIGN_KEY_CHECKS=IFNULL(@OLD_FOREIGN_KEY_CHECKS, 1) */;
/*!40101 SET CHARACTER_SET_CLIENT=@OLD_CHARACTER_SET_CLIENT */;
/*!40111 SET SQL_NOTES=IFNULL(@OLD_SQL_NOTES, 1) */;
